N,P,K,temperature,humidity,ph,rainfall,label
7,144,197,23.8494014,94.34814995,6.133220586,114.0512495,apple
42,25,38,24.68405003,30.44238232,7.66285408,93.8717314,jowar
80,28,45,31.44687706,31.09470092,6.54575876,72.50974887,jowar
107,71,55,29.42017919,83.96754496,6.088064451,117.229079,banana
50,55,16,28.81460716,65.33538112,7.581442888,62.26242533,blackgram
93,41,17,25.6217169,66.50415474,6.047906679,105.4654703,maize
40,45,18,30.43683729,55.20522037,5.261285926,30.92014047,mothbeans
55,38,17,25.75373867,47.11621938,7.85653287,54.89375437,bajra
101,43,55,26.00606111,64.2152394,6.8875173,150.15248243,cotton
22,30,12,15.78144173,92.51077745,6.354006743999999,119.035002,orange
83,29,36,20.54921564,51.19704014,7.05374643,31.5449295,mustard
54,77,85,17.141861399999996,17.0662427,7.8292111439999985,83.74606679,chickpea
16,15,42,19.67832052,89.08935702,6.890784045,108.5468633,pomegranate
29,70,15,30.33499674,63.54718862,6.872594461,74.16699119,blackgram
118,65,119,30.62332172,73.62765804,6.84990984,130.52395539,banana
139,49,69,24.77717192,73.30402377,5.85336437,169.71762052,banana
111,88,55,29.44795403,78.34971537,5.505393832999999,96.45042585,banana
61,39,40,23.09383951,92.39893896,6.48571369,166.0718054,cardamom
60,58,51,42.07213781,92.92203105,6.840802254,165.7412972,papaya
104,73,46,29.1400919,80.1190228,6.28236237,90.45142867,banana
2,21,44,18.92157197,87.31290342,6.56893406,102.8013275,pomegranate
63,19,29,28.65050646,38.88719064,6.66178021,83.03576859,bajra
26,37,30,35.39986338,49.45962621,6.166173833999999,97.41054011,mango
7,60,25,28.2753171,82.76020821,6.397636709,56.04995423,mungbean
50,28,68,17.93422302,79.54617232,6.5716874,183.5590784,cardamom
22,59,23,27.32220619,51.27868781,4.371745575,36.5037914,mothbeans
147,59,62,26.49025071,71.01320251,6.93485475,182.310311,sugarcane
9,77,17,20.12373284,24.45202552,5.783425416,106.158201,kidneybeans
105,25,73,29.36897398,71.55558264,5.16134279,276.08344954,tea
39,77,21,22.99774444,60.24218572,4.603563116,159.689339,pigeonpeas
123,44,21,25.78544484,75.00539324,7.6411165689999985,91.39578861,cotton
14,67,15,19.56376468,24.67385131,5.690065688,139.2921004,kidneybeans
22,67,23,26.51158115,65.19055472,6.39160827,107.22891376,groundnut
83,40,29,24.50331743,50.40288484,6.79881457,27.56160239,mustard
68,52,49,24.42561272,92.27749066,6.577192175,63.35298768,papaya
47,24,39,34.15044696,28.35277409,7.22911378,39.52994303,bajra
87,21,110,30.33636419,94.3675066,6.19840281,215.36165137,coconut
94,44,49,26.22018659,65.67667519,5.93325157,223.24277383,coffee
48,24,31,32.01538483,37.88013961,5.73722316,112.93928057,jowar
84,38,43,26.57421679,73.81994896,7.26158085,159.3223075,jute
61,37,65,25.36933033,62.85706873,6.1879821,191.77489068,coffee
85,20,98,34.91470763,79.29232795,6.652958,268.99343192,coconut
84,51,35,22.30157427,80.64416466,6.043304899,197.9791215,rice
99,41,36,24.45802087,82.74835604,6.738652179,182.5616319,rice
31,58,15,28.31886863,60.19461399,6.167855382000001,45.36521251,lentil
93,49,20,24.53089758,52.56635925,6.73323173,61.83663448,wheat
95,24,61,31.07933864,82.18275597,5.91166919,330.09562826,coconut
74,46,43,25.52346792,77.08857394,6.07047808,253.58957041,cardamom
94,70,78,32.14917795,67.30996175,7.427772,82.27290258,cotton
157,47,56,33.5976913,73.09131771,7.82164638,166.49515264,sugarcane
52,37,46,18.84374431,76.94246579,6.41054206,178.49312992,cardamom
59,50,36,26.60663073,58.75925738,6.45393495,108.30187393,soybean
91,36,32,28.18298628,63.88513008,6.99131484,138.94275156,soybean
154,69,67,33.78709403,89.89846744,6.85705541,195.1524541,banana
31,29,26,28.22373428,47.40519056,5.024124683999999,97.76832322,mango
95,37,59,26.68664032,85.63445322,5.9895625,274.63910883,cardamom
25,22,25,33.56150184,45.53556603,5.977413802999999,95.70525913,mango
71,35,24,22.27373646,59.52193158,5.826426917,67.96704792,maize
31,5,14,17.66545409,91.69865887,6.583411671,110.6857506,orange
70,69,51,24.02799092,52.10883442,7.94156145,65.84720089,cotton
115,47,45,25.57119353,73.89464229,5.68661693,292.04397593,tea
60,37,80,17.24558976,89.76587507,5.80858311,158.89193435,cardamom
144,76,42,28.8368233,73.28955028,6.14061303,236.47730393,sugarcane
79,27,67,25.63559661,78.59047986,5.30913172,243.92588475,cardamom
83,41,43,21.0525355,82.67839517,6.254028451,233.1075816,rice
172,66,61,28.0813104,75.00853328,7.09292173,145.68660172,sugarcane
121,51,84,29.70482365,83.9518591,7.37171468,209.40714554,turmeric
50,36,37,31.15584397,38.69405705,5.5951575,99.29982567,jowar
71,32,57,28.26310356,73.55447112,6.34579424,287.56848853,tea
90,29,21,29.31312217,32.02416239,5.99522267,70.31205001,jowar
121,45,22,22.45942937,81.30681027,6.443785385,64.23026638,cotton
67,58,39,25.2827223,80.54372813,5.453592032,220.1156708,rice
59,60,84,19.03025305,18.66725565,7.690962337999999,94.70992037,chickpea
48,65,78,17.43732714,14.33847406,7.861128148,73.0926704,chickpea
105,95,50,27.33368994,83.67675197,5.849076099,101.0494791,banana
106,40,30,23.42611644,64.10651528,6.779984384,122.6847408,coffee
57,67,25,32.34744009,66.61452812,7.551364319,64.55882254,blackgram
98,34,62,21.63422666,91.84033492,4.55692843,221.44607859,tea
30,28,34,27.85255786,25.22627898,8.15960981,52.4469256,bajra
82,32,26,20.53580932,56.07550098,7.34707573,59.60003756,wheat
146,67,84,26.77268732,81.66380364,6.69128652,139.10071211,sugarcane
86,38,65,26.12826337,60.95281094,6.76275881,91.87417697,cotton
126,40,54,25.24852423,85.64758516,7.14739272,199.20263352,sugarcane
9,11,8,24.85903405,94.39000473,6.559236744,111.78037340000002,orange
144,69,66,32.69864446,87.68429913,7.37822008,221.09038085,banana
84,21,55,28.47090661,94.79453182,6.494251024,21.08484101,muskmelon
35,64,15,28.47442276,63.53604453,6.500144962,69.5274407,blackgram
25,40,21,27.73329078,81.13903037,6.248900919,44.17580911,mungbean
63,25,49,32.43552831,55.34493744,7.50344308,69.50492502,jowar
122,50,98,27.12700474,82.77491238,6.71726941,194.98280373,turmeric
48,67,22,29.80648909,59.44774902,7.22847172,103.03322435,groundnut
20,74,16,36.04353699,43.61444121,4.759490199,159.8938645,pigeonpeas
77,58,19,22.8056033,56.50768935,5.791649933,101.5952794,maize
23,138,200,9.851242629,80.22631717,5.96537863,68.42802444,grapes
20,60,22,29.65052947,42.89833235,6.876572502999999,186.9226052,pigeonpeas
85,20,45,25.46702085,94.75138436,5.21169406,286.32168716,cardamom
57,22,35,13.53277771,43.5525332,7.10123919,34.20676884,mustard
144,50,71,26.99930948,73.83031074,6.20938865,187.56008874,banana
22,80,20,23.00884744,18.86880997,5.669560726,100.118612,kidneybeans
81,41,38,22.67846116,83.72874389,7.5240800760000015,200.9133156,rice
28,136,200,23.06204373,92.39544055,6.245858905,114.7399101,apple
39,9,15,25.35467646,91.81183218,7.992041984,116.7555937,orange
118,21,34,24.38534644,64.72543073,7.234258375,119.6324109,coffee
119,62,85,29.39570103,78.97646201,6.04907977,160.96616187,turmeric
7,77,18,20.5591255,60.54880693,6.655918077999999,191.0895109,pigeonpeas
57,60,84,19.1034283,17.26184541,6.586777189,75.49101167,chickpea
34,21,42,18.75927679,89.93457597,6.648687273999999,111.0196744,pomegranate
108,22,46,26.17668721,86.72952049999998,6.121168559,53.33484977,watermelon
87,32,105,27.79244014,90.52836264,5.63967902,219.05989524,coconut
109,10,53,26.81938687,87.8274604,6.5517503060000015,46.06193778,watermelon
117,24,53,29.17220859,92.21405224,6.293486295,21.30290472,muskmelon
117,82,45,25.29391516,79.29122198,5.614471478,105.4220251,banana
42,31,25,24.74833088,49.21392286,6.55079488,113.0131972,groundnut
28,68,19,34.63880966,61.38597868,7.69950698,72.43169115,blackgram
103,39,30,15.82400168,48.67181392,7.26873753,96.56356437,wheat
69,50,26,24.27336679,40.60080248,7.17223745,113.43820373,wheat
104,26,30,24.40726724,62.65692638,6.410992833,148.6977358,coffee
93,43,38,23.61475336,86.14290267,6.987332927000001,150.2355238,jute
38,60,76,18.65054116,17.80852431,8.868741443,77.92798682,chickpea
73,35,35,24.31214958,60.83774998,6.01714651,149.0286073,soybean
97,22,50,26.26028739,86.14585891,6.769893799999998,58.97878791,watermelon
102,73,54,26.4020227,84.41007614,5.720726906,111.0162259,banana
83,27,70,19.17686873,76.91071572,4.8196473,201.87343726,tea
83,57,19,25.73044432,70.74739256,6.877869005,98.73771338,maize
70,20,78,26.3268,76.52832227,6.33780276,193.68100644,coffee
52,46,27,31.35055745,72.34528068,6.43744735,122.86040583,soybean
72,47,75,29.98684348,76.94133559,6.36454174,245.07198351,coconut
82,52,36,29.91462485,60.65459194,7.22723233,79.58855802,soybean
82,23,93,33.62524385,77.67463967,5.95912111,173.05338067,coconut
85,50,56,26.80870713,74.13573672,5.93690171,249.60370248,tea
54,35,52,30.2929548,70.79934969,7.24126532,158.85845549,soybean
87,46,54,23.36301994,69.50625544,5.56201278,218.58099664,turmeric
117,51,15,22.9535715,78.71555832,6.044556594,99.75336197,cotton
88,5,47,25.86475496,86.67468041,6.662244646,41.16554802,watermelon
135,55,86,29.49319921,73.74649826,6.98815922,154.19184405,banana
83,21,76,28.35289361,82.45816146,4.60296558,287.23744613,tea
118,28,73,30.01790058,88.99318109,5.5241783,130.32739948,coconut
51,46,105,27.22250586,88.79493568,5.43849869,231.78435208,coconut
40,11,44,24.45840036,86.10874614,6.322396027000001,111.3779693,pomegranate
99,38,21,22.88330922,71.59722446,6.352471866,67.72777298,maize
72,55,91,20.7460435,77.51145825,5.76049337,199.98983166,turmeric
69,49,67,21.87311171,86.02939351,6.37012445,222.69780629,cardamom
142,66,83,26.13442562,82.5184863,6.25684135,148.20822887,sugarcane
32,47,45,31.77335371,47.82791353,6.12318029,110.58885476,groundnut
108,54,63,22.00240807,79.93767045,6.09531065,184.70963016,turmeric
104,52,60,21.18516843,82.4961482,6.47685146,151.11034276,turmeric
38,59,40,23.16025778,51.51376588,6.3178512,95.8614003,groundnut
55,33,45,20.54070108,75.01668805,5.731295,279.21941155,cardamom
81,45,28,30.84930534,73.90774985,7.30096037,86.37416584,soybean
102,45,35,23.62139822,60.57816023,6.76273163,78.20229769,wheat
87,14,48,29.69238699,92.58862544,6.606033244,29.1102594,muskmelon
91,31,51,22.1337071,72.07697603,7.3107209,152.1948157,soybean
109,22,43,22.98390161,63.58522018,6.48939529,235.6999368,coffee
119,26,93,33.58885887,79.55301491,5.98214157,243.2796252,coconut
20,29,27,25.09897688,92.36099489,6.047044342,157.7592626,coconut
89,54,38,24.51588066,83.53521629999999,6.685346424,230.4462359,rice
80,43,113,26.20201126,84.7948744,5.65093881,132.69254737,coconut
30,25,28,36.86025402,39.02402423,6.1129576,76.11283749,bajra
60,55,33,26.64400505,66.40302972,7.07398234,50.75919042,groundnut
69,51,23,22.21738222,72.85462807,6.80163854,106.6213157,maize
116,28,34,23.44372334,60.39523266,6.42321105,122.2103248,coffee
105,35,55,26.07204593,69.10416554,6.76997613,167.30297493,cotton
16,65,19,27.61204997,69.29786244,7.043160241,42.72374404,lentil
15,27,28,33.80398664,46.12866113,4.507523551,90.82549241,mango
77,36,23,24.71417533,56.73426469,6.648725327,88.45361858,maize
137,40,49,30.81639666,76.56414325,7.90115257,296.33095213,sugarcane
101,75,50,26.59386409,81.40740301,6.242528277999999,109.9825551,banana
35,131,203,22.42776057,93.91722423,5.893490899,102.7230739,apple
72,43,79,30.94437669,91.86004049,7.18906463,248.4451934,coconut
82,40,45,26.21312799,81.70476368,6.667633355,180.1237765,jute
95,45,55,24.6573965,89.82832323,6.20879105,240.63685396,cardamom
34,6,27,25.84726298,90.92669463,5.8607404810000014,147.8888994,coconut
120,58,60,33.30658854,72.41216058,6.03290016,139.89278454,banana
39,44,44,24.71528326,64.61072863,6.38352723,132.11576936,groundnut
5,68,20,18.72987676,61.33186249,5.001038726,139.8710041,pigeonpeas
53,33,37,27.09730857,60.71883903,6.15034279,87.37931902,groundnut
78,34,31,28.18004113,52.65884993,5.70617457,81.14034002,bajra
85,31,39,24.67046553,45.51147803,7.39389267,57.11290751,mustard
47,80,77,17.18248372,16.42891834,7.561108006,72.85017344,chickpea
60,46,53,24.48620746,92.98254537,6.761953186,183.49095,papaya
96,47,44,19.9616356,82.70583478,5.18266538,285.1140618,cardamom
126,53,77,29.61409775,86.97228577,6.59880441,174.5501885,banana
132,41,22,24.29144926,81.02453404,7.810865753,90.41694635,cotton
71,54,16,22.61359953,63.69070564,5.7499144210000015,87.75953857,maize
88,20,36,29.82218041,32.60147049,6.87328017,68.35657528,jowar
93,26,75,21.01846838,88.52537817,5.16887574,183.05860432,coffee
103,48,101,28.98947377,84.99647749,5.28539717,140.91613949,coconut
122,53,65,34.47151703,72.04875497,7.55562336,213.24934377,sugarcane
22,44,24,24.30935081,56.32938343,6.030447288,58.99536268,mothbeans
8,15,33,28.97318719,98.09861043,5.50158009,213.9011021,coconut
6,37,17,28.08657178,80.35005927,6.760694227999999,38.14476781,mungbean
68,27,40,27.56879459,79.51691909,6.72389884,175.28142136,cardamom
48,29,30,34.87569546,46.76399848,6.17912104,43.54549881,bajra
162,68,80,34.61407895,73.93938,7.48285163,124.80935834,sugarcane
82,35,44,26.96656378,78.21047693,6.239011,169.8391177,jute
92,81,52,28.0106804,76.52808057,5.891413895,103.7040783,banana
0,65,24,28.49584395,62.44616219,7.841496029,53.14531023,lentil
50,30,52,21.81458871,57.72651596,7.10062941,101.66737496,soybean
131,56,68,25.73170835,59.90536188,7.44493216,109.13721192,cotton
71,42,20,20.38201819,42.33736722,7.74537917,57.66746604,mustard
142,56,65,24.12314209,93.28261603,6.63706477,223.64947505,banana
52,58,16,30.64095781,61.14508627,7.167435834,71.36947525,blackgram
104,28,49,29.99666922,88.95485776,5.87426462,251.29694146,tea
120,56,75,34.84798039,76.3042406,6.57153256,211.35052724,sugarcane
90,46,49,23.65213699,63.82518274,6.38248639,110.74175196,soybean
97,35,26,24.91461008,53.74144743,6.334610249,166.2549307,coffee
50,40,32,14.17203199,56.05811625,7.32488823,69.57971597,mustard
92,42,69,24.06979609,86.17782963,5.42097802,193.15483551,coffee
33,24,30,26.42512701,51.86527385,7.27531968,48.42558846,bajra
16,10,41,24.77464458,85.63608688,6.738993954,105.7595811,pomegranate
40,34,30,15.76611058,46.51552066,7.69034163,40.94745409,mustard
8,28,37,23.88404783,86.20613842,6.082571701,108.3121789,pomegranate
88,38,46,26.46171941,55.53255915,6.06212418,71.65263845,soybean
94,35,60,27.7227337,86.91461651,6.1566852,203.68159464,tea
76,33,28,31.20585373,44.88698153,8.28548425,43.24169309,bajra
35,18,33,26.86166717,27.37797269,7.95340363,83.91418898,bajra
80,26,73,23.14057664,60.4068999,5.64569886,124.06352219,coffee
98,53,38,20.26707606,81.63895217,5.01450727,270.4417274,rice
115,41,86,31.81348951,81.36137641,5.95287789,244.3718648,banana
114,94,53,26.33544853,76.8532006,6.190757458999999,118.6858263,banana
9,10,10,22.3551049,93.52211892,6.010391864,101.5164589,orange
53,67,17,31.77681682,69.01852894,7.296972161,61.46892873,blackgram
68,25,45,15.94486021,43.88549117,6.67435792,53.7547112,mustard
47,46,33,24.85436836,44.77901364,6.09708904,78.72230539,jowar
4,13,6,15.63211033,94.25966183,7.5611432239999985,101.4705704,orange
108,27,116,28.67812006,79.61381747,7.49108147,135.97114164,coconut
81,39,69,28.10143644,73.83033797,7.10121694,175.7714164,turmeric
78,38,70,18.66051697,60.106511,5.32931796,151.70443141,coffee
36,56,83,18.89780215,19.76182946,7.4526709,69.09512477,chickpea
38,16,19,26.92445749,38.4102018,6.10664879,63.41038531,bajra
21,44,18,27.06909959,86.89934108,7.12851089,50.46746116,mungbean
72,44,22,14.20538792,38.63893104,7.16471177,32.85777048,mustard
40,140,195,14.97846952,80.49979873,6.2943956760000015,71.63437433,grapes
137,79,60,24.92668895,88.77963112,6.85057522,205.58140075,sugarcane
28,76,82,20.56601874,14.25803981,6.654425315,83.75937135,chickpea
86,30,55,20.99837622,75.47646864,6.17587342,228.05837223,tea
84,28,68,27.14716001,76.54250284,5.27972207,212.23847533,coconut
21,51,15,29.36488409,89.1886954,6.679127482,48.30159325,mungbean
67,43,34,28.81274084,43.69306631,5.93487326,55.25422475,jowar
71,39,42,18.82944667,44.15935047,7.32850011,46.48891807,mustard
38,14,37,21.80523051,94.63612858,6.658402594,102.6488846,pomegranate
4,36,22,27.60887393,86.13316408,7.012740397000001,43.80041104,mungbean
67,48,48,19.58844333,80.6590328,5.72444442,223.43660579,cardamom
62,34,92,25.95280702,72.88198381,5.4112301,332.08325958,coconut
97,8,52,24.9103226,86.97190046,6.237861736,49.48575692,watermelon
32,11,31,25.06871967,93.31410447,6.205931637999999,134.84190690000003,coconut
105,18,35,23.52648086,68.44030686,6.743417121,171.8839938,coffee
110,14,51,27.02415146,91.66737633,6.085444691,21.26034986,muskmelon
48,62,47,25.34756111,93.02871078,6.803094965,174.40123369999995,papaya
53,48,25,31.91298205,33.70974342,7.67687854,73.71138199,jowar
109,40,47,32.51625872,84.47974427,6.08559099,177.91781712,sugarcane
41,52,48,29.75353338,49.34716122,6.0529361,81.53612641,groundnut
18,5,11,20.87947369,90.93756231,6.251586885,102.4550786,orange
83,15,49,28.92705913,91.39356832,6.438008152999999,23.20076686,muskmelon
66,36,22,26.0296577,52.6517477,6.99242006,71.47953516,jowar
30,61,18,27.14911056,67.02664337,6.157782589,52.50812701,lentil
75,41,45,18.46105212,40.42657752,6.51751812,83.90511738,mustard
74,49,38,23.31410442,71.4509053,7.4880144039999985,164.49703730000004,jute
38,72,21,28.23416057,49.4421345,5.902103172,186.5008581,pigeonpeas
13,57,25,28.30041493,86.20681554,6.86308576,50.47333854,mungbean
31,121,201,23.15791104,90.34396882,5.731535257999999,110.712841,apple
80,64,68,22.76389839,45.76794149,6.0183752,101.63575342,cotton
64,48,32,19.15556961,44.91005482,7.28028577,114.66476249,wheat
99,35,93,23.74182706,85.51047776,7.35549112,124.64203354,turmeric
111,5,50,27.59350075,91.79742953,6.399891457000001,24.84266123,muskmelon
50,47,48,24.63676897,90.61964344,6.712772332999999,218.2299187,papaya
58,32,26,29.61374832,38.87503029,7.83117308,78.12043733,bajra
87,48,57,29.13971688,88.27428699,5.50053011,238.43059929,tea
120,59,79,30.93509834,74.33952221,7.47556683,215.77954656,banana
63,43,17,19.28889933,65.47050802,6.807487794,71.3195307,maize
22,37,20,27.62749466,86.49366929,6.605733067999999,39.26137642,mungbean
22,133,201,23.81995682,80.12211649,6.00299607,67.27398640000001,grapes
91,43,40,31.02634708,55.70957102,5.51200167,156.15230001,cotton
78,58,44,26.80079604,80.88684822,5.108681786,284.4364567,rice
8,6,33,28.27804288,93.64761266,6.095261012999999,171.9457959,coconut
81,33,70,19.35865962,82.80173141,6.21312111,243.06050454,coffee
87,21,52,27.350629600000005,94.29119509999998,6.067665497999999,27.21244021,muskmelon
45,38,29,22.68085325,59.58017965,6.90927336,62.33455183,mustard
80,39,69,23.62558173,62.78885425,6.38815996,166.44474881,coffee
102,25,50,28.20480805,92.91440379,6.099662369,20.36001144,muskmelon
58,25,23,30.82662532,45.20453064,7.76590674,50.47493734,jowar
67,40,54,28.47378692,64.44090487,6.94413488,81.33985843,soybean
25,65,21,33.86351172,68.59232289,6.880245789,69.24464096,blackgram
7,126,203,16.76201707,82.00335557,5.662140095,73.28712806,grapes
16,7,8,22.79196751,90.60901895,6.420457311,116.5084074,orange
84,47,25,23.91029978,57.42701002,6.26251689,64.60623701,wheat
25,130,197,39.70772192,82.68593454,5.554831977,74.91506217,grapes
47,65,44,28.34433118,48.11792902,7.42739098,78.67592561,groundnut
131,52,16,23.65724079,84.47601498,6.486068274,88.54479121,cotton
39,36,22,29.34317422,60.50320928,9.072011412,34.03335472,mothbeans
4,69,19,19.25100056,47.70351758,5.374358869,149.063196,pigeonpeas
75,37,39,17.41036258,41.91525981,7.03587444,82.92889807,wheat
55,48,72,25.74075195,82.23579485,6.20585232,155.77609206,cardamom
107,34,32,26.77463708,66.4132686,6.78006386,177.7745075,coffee
52,50,24,31.33871766,51.51329233,6.12874065,119.19132179,groundnut
9,48,20,29.66461594,84.28187572,6.377568542000001,56.09542002,mungbean
107,59,39,15.94138893,45.0046024,6.81024987,69.44617223,wheat
111,41,53,27.57757886,68.1338266,7.51625199,130.15068655,cotton
129,69,53,22.85419244,45.61716022,6.73729119,175.73722249,cotton
18,20,26,31.66524687,51.98594645,5.435840509,89.98024312,mango
84,57,25,22.53510514,67.99257471,6.489040367,64.40866039,maize
5,77,19,31.08564994,66.68832981,6.242052013,175.9303271,pigeonpeas
24,48,44,22.40922436,59.95735734,7.09942691,65.78118125,groundnut
81,25,49,29.86895762,93.25103208,6.076459669,26.26243014,muskmelon
52,22,66,25.13509313,80.39158459,6.47595333,202.85236213,cardamom
120,58,39,22.27052771,52.52483759,6.99317071,100.54082229,wheat
81,31,72,27.75170241,78.3371392,6.36345119,215.1533392,coconut
91,51,62,29.95545404,52.94951111,7.01587649,96.50357631,cotton
37,55,82,19.45591848,18.02235902,8.423873703,78.44910564,chickpea
20,28,26,26.37978453,91.49882979,5.547594847,167.0470997,coconut
69,32,82,26.65219044,84.48459801,6.33577362,130.93413533,coconut
80,27,47,30.76770386,42.81474951,7.36318807,74.68161786,jowar
76,64,67,20.98946875,80.45422482,5.65736261,205.45843245,turmeric
136,69,43,28.92726407,66.28760594,7.03738509,299.8111673,sugarcane
13,5,8,23.85340379,90.10522549,7.474710503,103.923226,orange
32,25,35,18.09903225,85.70786282,5.892913826,107.0050976,pomegranate
2,21,35,25.02887163,91.53720922,6.293662362999999,179.8248944,coconut
93,26,81,23.26117416,76.36538221,5.51327326,271.33868308,tea
60,17,36,34.35829538,30.84211939,8.37000478,72.22439598,bajra
107,30,49,27.61180309,81.66530162,4.83879852,166.92939494,tea
34,56,39,25.14958007,53.39393802,6.9208587,147.9932248,groundnut
115,44,62,28.71314053,75.83201016,6.9695129,332.1518422,coconut
89,25,34,23.07895447,63.65861483,7.184801627000001,129.8765443,coffee
110,58,99,24.79655099,92.39347065,6.99652606,198.23556361,banana
18,58,16,21.47607807,38.80023714,4.962661422,180.382234,pigeonpeas
14,8,43,21.92513945,94.46485312,7.051654924,111.71620159999998,pomegranate
66,39,120,31.8665124,70.5414964,5.34229566,214.24709636,coconut
32,43,22,31.99928579,54.1077461,5.270749441,71.6266696,mothbeans
100,39,28,18.5267909,62.85802573,6.00400446,87.47502397,wheat
125,62,68,22.83317215,68.63059294,7.21051365,152.18297802,cotton
121,48,113,31.3443549,77.23348327,5.95867968,163.80011991,banana
27,72,17,28.98039357,57.23265151,6.347929353,120.7435664,pigeonpeas
107,25,50,26.17475102,77.36251806,5.36544884,188.51770781,tea
7,28,35,30.02086169,46.78393776,4.66910839,96.63721027,mango
18,55,23,21.9989826,56.31006755,6.98571967,136.82743119999998,pigeonpeas
10,56,18,27.99627907,68.6428593,7.32710972,46.10585191,lentil
29,71,18,22.17499963,62.13873825,6.410441476,53.46622584,lentil
30,41,15,24.83206631,44.17085032,5.88509677,52.0810886,mothbeans
63,28,44,22.62942652,82.10927367,6.30297304,144.10225044,coffee
22,18,33,30.41235793,52.48100602,6.621623545,93.92375879,mango
58,32,43,10.07423151,43.10475165,7.19538026,63.49732784,mustard
68,26,21,34.09391337,48.80029485,7.37230354,76.52285028,bajra
32,138,197,9.535585543,80.73112694,5.908724337000001,69.44115171,grapes
100,54,54,29.10537132,82.87653931,6.65641681,101.46485863,turmeric
148,52,42,31.43462691,70.65778368,7.08415792,264.3010944,sugarcane
65,20,39,26.7123856,44.57037712,7.18686621,116.22840249,jowar
89,23,76,20.7590378,70.82594894,4.93731236,241.10743934,tea
92,56,55,30.50420567,52.01973768,6.43264181,68.01918723,soybean
63,47,35,26.98582182,89.05587886,7.432768147000001,193.8778713,jute
101,33,33,26.97251562,62.0183627,6.908671378999999,142.8610793,coffee
62,32,85,27.17893544,71.96494475,6.32038547,209.51487359,tea
65,36,43,18.59376186,47.95094781,6.08161524,65.54864653,mustard
34,133,202,15.31413469,80.09711412,5.804799142,74.82144653,grapes
60,61,78,20.71219282,19.83643308,6.317153205,94.03659867,chickpea
173,40,53,32.63192681,78.38793952,6.86250546,257.05478512,sugarcane
24,55,78,17.30287885,15.15405941,6.64919573,75.57790384,chickpea
88,28,32,10.92037822,54.09898152,6.91197091,37.45066536,mustard
11,72,20,19.52226241,24.92607153,5.9511774520000005,113.334026,kidneybeans
22,38,31,31.53356352,53.06009323,5.8211060360000015,98.57025046,mango
107,43,18,22.426733,81.53480799,6.745104394,65.54475812,cotton
16,55,19,19.54314136,47.19188279,6.413543781,192.4372194,pigeonpeas
93,53,38,26.92995077,81.91411159,7.069172227,290.67937830000005,rice
74,42,68,23.18185458,79.07459131,4.53861024,222.20986284,tea
103,31,119,33.03887079,74.95872072,5.92733617,228.32980019,coconut
20,41,20,29.27308605,89.4875022,7.073048264,50.9246554,mungbean
64,45,48,15.45600234,53.57311243,6.3640677,61.03087696,wheat
97,59,43,26.35927159,84.04403589,6.2865001760000006,271.35861370000003,rice
1,76,19,24.18553163,46.68746847,6.6695294160000005,177.3377996,pigeonpeas
24,44,17,29.8596912,80.03499648,6.666380512000001,50.66487502,mungbean
55,60,48,31.89334183,50.62750824,6.12221996,136.00380546,soybean
55,45,38,30.23029728,60.54865095,6.56217417,126.22663541,soybean
94,41,50,18.44113236,89.93935222,6.72670909,215.33053257,cardamom
21,137,196,23.6119202,91.70293849,5.812781806,123.5900822,apple
81,36,38,23.76554749,87.98329901,6.334837865,150.31661519999997,jute
93,43,95,29.15899076,89.73287776,5.80983475,204.05702335,turmeric
115,48,43,28.32252506,87.46851624,6.91586769,219.134259,sugarcane
97,42,78,26.35936421,59.8942165,7.61954681,124.17844093,cotton
20,60,78,18.17234999,14.70085967,6.358740355,90.7760707,chickpea
89,83,47,28.09577643,77.79586769,5.63127166,109.5408614,banana
92,65,76,28.01673035,49.14193357,7.41580082,68.08296109,cotton
36,51,40,29.42994798,49.75423896,6.36792952,136.99875337,groundnut
111,34,107,25.81649113,84.20003509,6.23567524,173.61720672,coconut
50,31,25,34.41721345,27.75844081,6.65232025,95.631054,bajra
87,29,51,17.3514841,88.01833633,6.50600143,232.56962485,cardamom
95,16,55,25.26931156,87.55055105,6.612847999,40.12650421,watermelon
10,125,196,22.31253665,90.03577124,5.730557448,113.0688155,apple
48,46,44,14.09505464,47.65911934,7.33157371,67.49814656,mustard
6,77,25,20.61162204,24.36314135,5.792744849,69.63833855,kidneybeans
11,132,197,15.99050693,81.23966573,5.7343170070000005,74.40198861,grapes
64,56,30,21.58292838,54.16777341,6.45776987,52.59116856,wheat
14,139,197,21.72484506,92.83975602,6.056529526,121.6961761,apple
70,38,38,24.84528147,61.84489767,6.78066098,170.96849902,soybean
60,47,36,34.31547352,59.72143158,7.18797745,105.70011628,jowar
91,56,37,23.43191632,80.56887849,6.363472207999999,269.5039162,rice
23,75,17,24.87425505,64.00213929,7.198076286,48.28137482,lentil
55,27,42,12.6907308,53.46873471,7.848263,42.70867589,mustard
8,16,6,12.22816189,90.26457428,7.106650373,108.4161706,orange
29,11,5,23.13338811,91.94670335,7.639788459,104.4224145,orange
66,29,36,24.58096464,37.00417567,7.76679834,68.00958277,jowar
121,40,68,29.26936965,83.65803046,7.63527909,239.14851664,sugarcane
97,74,45,26.47522633,78.51833782,5.677719902000001,113.1161095,banana
79,41,40,14.28981399,40.78528103,7.67725149,27.89119029,mustard
44,55,25,29.6321052,65.91359954,7.42160832,71.16331975,blackgram
74,42,69,25.35432678,72.1486454,5.52267065,156.61250169,turmeric
86,26,63,25.23136245,75.24284406,5.29550879,203.14510447,coffee
83,21,28,25.5674832,60.49244602,7.466900682999999,190.2257843,coffee
0,26,31,25.0707247,95.02156793,5.547933273,192.9036306,coconut
2,75,22,23.89271875,61.78779413,6.658605362,52.55730112,lentil
13,69,19,17.30844532,20.01730914,5.86390397,115.199245,kidneybeans
98,70,36,34.03360178,69.97507759,5.78064774,165.87437478,cotton
31,36,29,33.93679864,52.72170281,6.460542749,97.4611918,mango
101,36,47,25.33916052,62.0817025,5.63450538,213.98482275,coffee
98,44,46,31.70559227,47.43739369,6.07120026,123.17133292,cotton
90,16,45,24.92093261,80.61750795,6.291540277999999,50.55710813,watermelon
33,58,24,35.45790488,68.75810535,5.269504214,108.6333046,pigeonpeas
88,40,69,22.08498093,80.05361417,5.77982075,179.55512104,tea
67,60,25,24.92162194,66.78627406,5.750254943,109.2162279,maize
106,59,49,31.39602545,70.1032515,6.15636049,289.95767497,sugarcane
95,30,38,21.39369625,53.31891937,6.98633675,97.51705652,soybean
174,69,66,27.12628908,76.87909843,7.04514895,154.91729137,sugarcane
73,42,51,26.69765809,63.53114988,7.19770825,69.81124267,soybean
131,61,70,26.79735283,58.07752116,6.31448694,127.37616978,cotton
128,72,60,25.43735116,88.27877369,6.48787916,170.8482751,sugarcane
32,129,201,16.36251869,83.00471609,6.48754639,71.55665483,grapes
98,29,30,25.64004392,61.03273481,6.217974349,199.4735636,coffee
43,42,26,23.83657229,63.62011424,6.75799308,57.71243265,groundnut
16,51,21,31.01963639,49.97675220000001,3.532008668,32.81296548,mothbeans
98,26,52,27.33897716,90.69759008,6.150090898999999,28.69113835,muskmelon
53,19,29,28.68502859,27.40065489,6.04667411,85.01780337,bajra
4,47,20,25.97948991,64.95585424,4.193189124,72.19245835,mothbeans
25,71,24,28.49538735,60.44848407,7.187721817999999,74.91559514,blackgram
45,36,26,36.28751987,44.15998232,6.92685126,85.54744217,bajra
27,30,31,28.98545306,90.73966792,5.718120393,148.8398374,coconut
36,69,36,24.89757668,52.77900376,6.58162064,99.67079656,groundnut
100,58,41,23.17403323,87.88255345,6.6587699910000016,160.6217342,jute
51,21,35,27.24924598,42.19894612,6.49158312,53.59693181,bajra
51,57,34,28.36608735,63.99020373,6.02627099,101.10816234,groundnut
89,46,98,27.87497723,83.35230565,6.96701204,157.66333624,coconut
81,49,20,18.04185513,60.61494304,5.513697923,104.2321615,maize
68,27,73,27.56820199,88.56642891,6.45544426,287.94904935,tea
45,30,38,20.60071582,43.36408856,6.59915887,32.85690422,mustard
68,57,43,26.08867875,80.37979919,5.706943251,182.9043504,rice
133,49,77,33.86368687,93.2412636,6.63298157,121.187477,banana
34,62,55,27.58548913,90.72526502,6.585346229,238.5008779,papaya
22,17,5,24.12188673,90.72351622,6.945562889,102.835632,orange
33,15,7,15.83388699,91.68293851,7.651225301,109.7571416,orange
62,22,44,25.59748952,63.36132695,5.6125663,219.7008291,coffee
129,46,69,24.02840538,78.95590605,7.30877433,144.84207652,turmeric
25,68,77,20.09340593,15.11279612,7.701446446,85.74904898,chickpea
78,40,38,26.46428311,83.85642678,7.549873681,248.2256491,rice
76,37,71,25.67004036,73.54696719,5.80499556,213.68467808,coffee
136,35,68,33.13210673,54.03835246,6.60516881,62.23333322,cotton
61,41,64,20.98288536,88.15812398,6.21534416,226.42327637,cardamom
96,18,50,25.3310446,84.30533791,6.904241707000001,41.53218699,watermelon
88,49,21,20.29566744,54.95604397,7.8460138,95.37800863,mustard
6,125,204,27.92004934,82.93262435,5.7335398070000005,69.92092839,grapes
92,40,30,23.35723208,55.18792166,6.026287448,171.6976946,coffee
79,38,43,15.42442122,43.56242711,6.02375078,89.7453439,wheat
102,67,50,27.72662603,76.05894861,6.06844437,252.81711634,sugarcane
3,69,23,28.67408774,63.18832976,7.299360767,42.96018627,lentil
21,139,201,19.3642553,83.36094029,5.980598579,67.15094741,grapes
12,80,19,21.91041045,65.21662467,5.962001484,36.10211371,lentil
101,17,47,29.49401389,94.72981338,6.185053234,26.30820876,muskmelon
124,69,96,32.46211102,77.98481567,5.61307271,122.42895733,banana
129,64,53,30.18095251,45.77496491,7.35302925,113.81026757,cotton
79,62,55,24.50989965,78.07740841,7.07701895,112.2616785,turmeric
110,40,24,21.04642841,62.37164205,6.58470017,50.99978042,wheat
167,76,73,34.83321308,74.23523754,6.00121398,297.15542873,sugarcane
113,46,66,31.3888259,88.24433224,6.43163879,209.2890826,coconut
69,34,102,34.82645725,88.19442934,6.33295298,347.62031847,coconut
101,67,60,28.17885684,82.84028996,7.42631111,214.54134662,banana
64,27,61,31.80796324,75.89663294,5.9027003,182.03780613,coconut
35,51,17,28.79929247,49.84213387,3.558822825,40.85534718,mothbeans
92,40,73,26.58688171,85.4901101,6.86432071,242.62156109,banana
91,25,50,26.00423811,71.12449159,6.2605147,164.99007702,tea
79,34,41,16.75876012,41.88251309,6.04192513,55.51347769,mustard
120,45,48,24.86319078,81.08451073,4.66312164,238.63291457,tea
50,46,52,31.18298415,90.21646909,6.734005647999999,54.01872359,papaya
20,60,25,27.3254209,69.09047809,6.726469087999999,61.19250859,blackgram
31,70,77,20.88818675,14.32313811,6.492546046,90.46228334,chickpea
93,34,28,19.12776584,58.2859446,6.08038221,76.78640899,wheat
169,72,59,26.19481421,89.44944806,7.25955917,236.82580206,sugarcane
0,145,205,21.22503442,90.09877774,5.52078314,113.9760462,apple
120,66,64,27.11175313,67.05358526,7.73289584,134.12737987,cotton
45,45,44,30.36986437,65.5554873,6.78223415,120.0897549,groundnut
49,29,23,32.57473433,50.25630711,7.26394507,115.13261565,jowar
82,40,40,23.83067496,84.81360127,6.271478837999999,298.5601175,rice
111,42,73,31.46103901,83.38233899,6.88659498,112.780315,turmeric
58,66,79,20.99373558,19.33470387,8.718192847000001,93.55280105,chickpea
40,51,17,28.66086349,86.12194568,6.860602782000001,50.01534317,mungbean
23,62,19,16.51783455,20.4555596,5.609435127999999,98.77794225,kidneybeans
107,11,54,28.59052369,91.33617236,6.094016337999999,29.44008034,muskmelon
4,18,37,22.91843172,85.40695044,7.13147457,106.2817706,pomegranate
116,34,62,20.97301942,80.35347342,6.29668919,154.60618686,tea
7,40,17,31.2123945,40.92604945,8.532078732999999,53.78769958,mothbeans
87,25,66,22.41713442,84.64300514,6.41961756,236.95125523,cardamom
32,48,18,26.45707778,56.40226277,5.993513566,64.16167699,mothbeans
37,65,16,22.8352024,18.97267518,5.683548308,63.59276673,kidneybeans
6,9,12,31.08368929,90.14362642,7.028746406000002,109.6894658,orange
63,26,79,26.69792952,77.80594195,6.43576988,166.62985221,cardamom
73,37,39,20.87465339,70.38229072,6.97643802,153.67283812,soybean
67,22,43,21.94618612,56.58707931,7.60913945,53.72438525,mustard
98,44,21,25.77175115,74.089114,6.524478032,107.4931917,maize
57,44,26,22.95899383,54.82721807,6.49035548,121.10934463,groundnut
120,8,46,29.55657523,90.70937262,6.732834334,28.36535596,muskmelon
74,39,38,23.24113501,84.59201843,7.782051312999999,233.0453455,rice
101,13,54,25.42900869,82.91481799,6.828982708,56.34144589,watermelon
39,60,21,34.89814946,63.59948557,6.97297656,64.72797143,blackgram
24,142,202,22.53779727,91.48135786,5.710819862,101.8474768,apple
96,41,40,23.58419277,72.00460848,6.090060478,190.4242157,jute
86,63,69,26.77698708,54.84156259,5.98249983,156.84350351,cotton
173,67,60,31.54614055,65.30149102,7.05541957,148.04859293,sugarcane
111,39,22,22.60361557,80.35090459999998,6.135025006,88.57395505,cotton
4,14,41,19.85139326,89.80732335,6.430163481,102.8186358,pomegranate
83,58,45,25.75528612,83.51827127,5.875345751,245.6626799,rice
11,36,33,35.99009679,52.22780489,5.978634285,95.3713484,mango
116,68,70,26.99960495,81.43361757,7.02642666,174.41530052,sugarcane
88,46,42,22.68319059,83.46358271,6.604993475,194.2651719,rice
21,74,15,29.49096726,67.10604388,6.471862118,153.2504506,pigeonpeas
88,38,33,27.99109573,43.55846678,6.67477491,95.02213678,jowar
89,32,28,20.30506689,64.32685041,7.07412023,93.36228934,soybean
105,28,70,25.69344622,81.02487716,5.59760958,219.02438397,coffee
39,24,31,33.55695561,53.72979826,4.757114897,98.67527561,mango
64,55,37,20.9576341,45.33265127,6.52591771,100.57527206,wheat
114,20,26,25.55656667,62.67087838,7.27905689,193.5866233,coffee
22,70,19,18.23775702,21.07643273,5.515615023,69.44951585,kidneybeans
90,43,35,15.24662373,55.47602382,7.18527437,90.09807164,wheat
62,27,55,22.41600718,61.6394786,6.47479531,209.74093101,coffee
53,36,106,31.45200742,88.05843672,5.86423965,264.10317616,coconut
46,38,36,33.3810147,42.63459057,8.12664325,44.87795938,bajra
102,48,69,24.32597331,80.57951175,6.04741043,153.88935053,tea
5,19,25,27.351105600000004,54.43945147,6.441328044,96.27792547,mango
120,72,84,33.48482651,67.10618488,7.64327537,192.67554893,sugarcane
42,67,77,18.99424448,15.9362937,7.114405288,78.69707199,chickpea
108,49,65,29.96676749,78.47126043,5.86097599,182.49285932,turmeric
91,41,75,32.83081295,80.81118782,6.19520042,318.78792419,coconut
7,56,23,26.33908791,40.00933429,5.545219232000001,55.50429227,mothbeans
63,40,80,20.04700066,90.01935709,6.53371215,205.71142319,cardamom
136,63,105,34.96679635,72.67200201,7.00648847,230.75201843,banana
92,32,43,18.31068761,72.84865137,5.87320756,258.01417844,cardamom
116,56,17,24.71252544,77.7293114,7.979090365,85.24963302,cotton
74,52,50,17.84849253,56.19996549,6.57226522,57.51599588,wheat
18,125,204,22.35548159,94.47811755,6.046673619,116.7366261,apple
62,30,51,21.16086743,76.05996341,6.56008271,260.25100622,cardamom
78,32,43,24.28540941,62.68482014,6.46417312,122.53238674,soybean
76,47,96,24.49108795,67.75774441,5.80046447,158.1917606,turmeric
75,41,67,18.33111381,75.69160223,5.39702343,227.57647308,coffee
53,26,27,24.5792203,47.03024882,7.38812123,99.02455147,mustard
87,27,56,25.12220778,88.95905378,5.93715821,145.53427564,coffee
15,54,15,29.97604322,57.03184356,8.35495812,44.86052932,mothbeans
176,61,89,24.98390104,73.7026227,7.73025091,290.68672164,sugarcane
72,44,75,29.48200225,92.33278368,5.84832737,274.93035446,tea
88,34,99,26.90392186,84.18327242,6.99533404,275.9391406,coconut
20,50,22,30.99694676,46.42693735,9.406887533,38.31597852,mothbeans
54,23,34,28.5069883,35.94830341,8.44075561,32.90548376,bajra
100,10,53,24.54356968,84.60808277,6.211748957,42.00660251,watermelon
54,37,30,22.28878435,48.60815281,7.42208936,54.49248507,groundnut
90,55,27,22.7107072,73.50267947,6.00788703,60.73808817,soybean
95,46,33,16.31174873,60.88761724,6.8237178,55.15151466,wheat
76,23,17,25.94192822,35.95099039,7.36926647,46.75260707,bajra
127,69,79,25.09304283,46.21478836,7.62353362,133.78321229,cotton
92,53,67,29.55314844,85.87177366,7.32440173,197.22579369,turmeric
70,45,60,24.99418478,84.11085119,6.6451478,286.66047823,cardamom
85,33,25,26.20811417,52.50987966,6.910823945,189.0944824,coffee
26,24,34,31.27180992,52.23810152,6.811291098,89.74409017,mango
98,40,72,34.49791374,72.4009139,7.25041836,256.53846279,coconut
100,48,31,20.62687823,57.56284527,7.3464424,95.96047718,wheat
3,23,30,29.70143197,95.65754365,6.078807239,215.1968037,coconut
162,40,61,28.24120417,88.47819352,6.40006657,171.772859,sugarcane
116,43,47,21.51063116,89.07966575,6.03553829,196.35587033,tea
112,57,71,25.10046922,88.88252197,7.57530773,164.61620019,sugarcane
51,23,48,24.94038004,65.81192793,6.20131524,138.82232908,coffee
60,25,50,24.18876606,60.12041687,5.06997297,225.17808828,coffee
126,70,103,33.86003525,92.45040732,7.08640273,151.63259752,banana
61,52,41,24.97669518,83.891805,6.880431223,204.8001847,rice
119,56,79,25.00824327,53.38064283,7.66687911,151.58271387,cotton
38,19,31,34.73823882,49.08864345,5.855119267999999,90.65022183,mango
110,49,100,30.2358286,89.70949443,7.44889418,294.28358369,coconut
106,45,72,23.3811433,74.78684217,7.40719979,108.52790415,turmeric
111,68,54,32.01547546,51.88715877,6.38790994,168.45721329,cotton
108,94,47,27.35911627,84.54625006,6.387431382999999,90.81250457,banana
81,41,32,25.14238457,64.64710668,7.11128551,111.09138801,soybean
9,122,201,29.58748357,80.91934392,5.570290539,68.06417307,grapes
116,34,36,16.30785221,58.92981068,7.40230606,86.32715256,wheat
117,25,53,29.11858526,92.12543021,6.413927319,24.52020164,muskmelon
52,28,22,29.62791708,54.24046193,8.29604024,83.29632052,bajra
93,47,89,34.46759301,87.56781237,6.147017,146.42308128,coconut
91,21,26,26.33377983,57.36469955,7.261313694,191.6549412,coffee
6,59,21,26.58972517,66.14007674,6.139215944,50.90994463,lentil
41,40,38,30.07048121,36.89092272,7.14762722,108.73332942,jowar
120,38,104,33.61420805,84.39530963,6.16489721,344.44327104,coconut
111,6,53,26.493064500000006,88.59143088,6.313512998999999,46.06382209,watermelon
121,57,90,26.78859441,77.47060437,6.37757075,249.04960894,banana
58,65,40,22.13502849,65.9939607,7.4456947,56.45501649,groundnut
118,37,37,26.281022,56.63373042,6.87930489,168.95206489,cotton
88,78,45,29.10403455,79.19588629,6.324270089,92.07835761,banana
108,47,96,32.90462155,94.15725027,6.98836423,218.22247533,banana
84,36,28,26.7350622,55.55164819,6.119892347,140.63052130000003,coffee
101,70,48,25.36059237,75.03193255,6.012696655,116.5531455,banana
25,12,26,28.56973521,95.67906668,6.436314406,134.83703480000003,coconut
9,56,17,26.13708256,66.7729209,6.261937875,46.48280681,lentil
97,48,64,31.11911056,72.35265763,7.12428616,230.10428816,coconut
8,37,33,28.07802689,54.9640534,6.128167757000001,97.45373619,mango
49,27,31,25.19198817,39.17712825,6.48144837,31.65729784,bajra
86,36,64,21.20247894,84.10510631,5.02581533,189.12702425,coffee
86,38,54,25.46091476,90.51833404,5.97528669,242.73664839,cardamom
33,60,15,28.95172351,81.67085323,6.510840928,56.51103293,mungbean
44,30,42,26.65945053,59.75151648,6.7689405,84.17498407,jowar
123,52,47,29.04069841,58.97507262,7.48623065,134.11721351,cotton
65,43,30,24.85247177,44.9126895,5.96108835,83.61288394,jowar
22,78,76,17.84851658,19.09172907,8.621662982,76.32470713,chickpea
27,50,40,25.94725835,58.350958,6.1011124,50.64014002,groundnut
12,29,13,22.45616931,91.52781832,7.57125447,118.0069295,orange
40,62,19,27.32198928,34.13737127,4.697750704,96.51524028,pigeonpeas
60,26,65,23.40851642,84.71683964,5.25325123,233.50252432,coffee
119,30,28,26.35770906,64.57578034,6.5052036960000015,163.62694960000005,coffee
118,12,47,27.96872279,92.17444796,6.010739645,28.94766949,muskmelon
20,68,23,25.54960633,63.95425534,7.707332484,63.1830529,blackgram
91,35,39,23.79391957,80.41817957,6.970859754,206.2611855,rice
24,130,195,29.99677232,81.54156612,6.112305667,67.12534492,grapes
31,26,9,11.69894639,93.25638873,7.566165721,103.2005992,orange
92,24,54,23.38974833,94.56526399,6.29931242,234.4454863,tea
22,51,16,27.96583691,61.34900107,8.639586199,70.10472076,mothbeans
71,42,26,22.88310114,74.88494503,6.00762555,112.39813687,soybean
57,49,45,24.91023844,48.25976701,7.19437329,117.73559396,jowar
111,40,71,25.00032461,66.29456464,6.07976602,200.52188185,turmeric
32,137,204,22.86006627,93.12859895,5.824151692999999,117.7296726,apple
83,7,45,29.08417927,90.73891887,6.704104127000001,25.33014238,muskmelon
130,59,19,25.07278712,82.50257909,6.520403794,93.51042684,cotton
5,59,15,18.87492997,20.18238348,5.97229163,134.1811718,kidneybeans
100,18,52,26.20234499,80.38266489,6.87606733,56.47941847,watermelon
2,51,17,25.87682261,45.96341933,5.838508699,38.53254678,mothbeans
46,76,77,18.2356751,19.68538502,6.967843048,83.74879344,chickpea
90,43,48,27.04792005,63.79961906,6.34219254,115.23070504,soybean
66,58,35,23.5643831,79.46283115,7.321619041,185.25947,jute
6,77,20,25.78746268,60.2816298,6.058306161,49.14337177,lentil
85,89,51,29.21144871,84.70189923,6.1581644220000005,108.5501443,banana
125,35,48,33.2791373,53.39549825,7.79736804,95.56740492,cotton
102,65,87,31.20937757,79.08628021,6.85273601,170.68985376,turmeric
91,57,35,26.25882301,61.56422353,6.92232488,72.71376688,soybean
84,38,44,21.680769,41.4427963,7.50174749,62.68013261,mustard
62,54,52,23.07251576,68.07619285,6.02961899,91.0669167,soybean
54,53,40,23.01693274,74.69509223,6.71731035,73.19580683,soybean
156,54,77,33.28554586,79.63444762,6.66871821,169.48227171,sugarcane
120,56,24,22.13344385,58.82276698,7.09763269,96.79104654,wheat
64,46,47,26.73873955,80.34297859,4.86444255,264.75425246,tea
68,42,29,15.97642426,47.82435686,7.27931034,93.49864861,mustard
82,20,23,25.16874273,55.93576423,6.77889193,114.65731443,jowar
11,74,17,21.36383757,69.92375891,6.633864582,46.6352865,lentil
49,45,45,30.9164336,56.6726488,7.37355579,56.24832457,groundnut
70,47,37,13.31128982,39.16409926,6.98639022,86.87827809,mustard
33,80,22,28.57006111,65.71765781,6.593961761,70.0866434,blackgram
95,57,40,19.66239635,63.82026217,6.51733854,101.66780429,wheat
48,37,33,31.73478725,47.31981949,5.91044258,69.82865281,jowar
31,53,16,28.7420098,85.81675947,6.452006451,48.54598575,mungbean
45,21,26,36.22648974,30.44882598,5.74933262,47.66500437,bajra
50,51,48,31.50919583,64.49602561,6.36931086,78.13629695,soybean
38,38,18,26.31051759,61.18749126,6.294130312999999,35.73403813,mothbeans
1,30,29,28.33333307,51.39586505,6.4341977560000005,91.67241761,mango
24,131,196,22.03296178,83.74372787,5.732453638,65.34440794,grapes
90,86,52,25.85036988,81.95580471,5.793260262,119.08561709999998,banana
76,60,39,20.0454142,80.3477562,6.766240045,208.5810155,rice
71,32,34,36.38304137,47.60127142,6.60506921,58.56364429,bajra
109,91,53,29.66727337,83.51014178,6.010095852999999,110.2511102,banana
101,31,26,26.70897548,69.71184111,6.861235184,158.86088869999998,coffee
59,35,43,22.07430518,62.11138333,6.91615338,101.13623159,groundnut
36,57,16,28.61409059,57.14218792,8.292875733999999,57.02891698,mothbeans
94,23,95,27.86633228,72.91776369,6.43419012,150.88163186,coconut
97,61,105,26.45612003,80.26363151,6.64993917,196.13327379,banana
1,76,17,28.43430726,52.10010827,6.012719118,147.0414824,pigeonpeas
118,54,30,17.93712726,44.61695122,6.69701758,91.97526515,wheat
90,57,24,18.92851916,72.80086137,6.158860284,82.34162918,maize
3,28,33,30.33723921,48.88704844,5.755049971,94.42850522,mango
58,75,25,25.25596239,61.36669662,7.261791753,68.64685069,blackgram
110,39,25,22.60612115,77.34264002,7.208795456,75.13617229,cotton
44,24,30,18.70915501,45.38412935,6.21725805,90.99822722,mustard
101,41,76,25.61168097,85.91322236,5.52484932,210.31815542,coffee
104,25,51,28.96361426,93.88482153,6.469983276000002,23.56130173,muskmelon
78,35,82,24.32672677,71.01919038,6.47131057,190.66941602,turmeric
40,18,37,25.94975945,30.10300494,8.18839385,77.36257608,bajra
113,65,54,31.5323123,73.36301097,6.47934509,231.12273229,sugarcane
20,45,22,29.5888162,89.9939693,6.904587016,54.96121262,mungbean
119,90,48,28.66725136,79.59242542,5.986442306,118.2583441,banana
39,54,45,31.69233408,60.18621716,6.44700591,52.78627644,groundnut
102,43,68,21.36189873,78.05345271,5.30421045,218.42790337,tea
67,28,40,27.64349599,35.93927153,6.28527711,106.05820655,jowar
77,57,21,24.9321581,73.80435276,6.550563822999999,79.74078719,maize
82,48,36,25.79351957,81.76904006,6.352076782999999,193.2418382,jute
124,46,57,28.20328565,83.94050462,6.09240915,197.81281558,turmeric
78,21,58,27.20720863,71.25773822,5.99382368,193.57652373,tea
55,20,33,33.04737405,53.2318944,6.41472932,83.81092846,bajra
64,16,16,27.30704152,48.06662844,8.0487247,96.06188079,bajra
60,46,22,24.89364635,65.61418761,6.625404347999999,87.9298085,maize
122,62,50,34.00376303,48.46537798,6.78887276,171.76119498,cotton
118,50,19,22.95604064,82.33733678,6.360812227,66.48339303,cotton
101,42,59,24.58005306,70.48247878,6.82438928,131.16052612,turmeric
61,59,17,23.33844615,59.24580604,6.47444292,105.0083144,maize
83,22,54,25.89762315,81.96664832,6.277245253999999,54.49960057,watermelon
112,40,76,20.25687598,71.41932342,6.37030768,280.25032219,tea
38,56,25,25.74095321,45.38497051,7.88118645,67.43488235,mothbeans
87,35,60,33.24979219,77.59270089,6.48411617,346.37322903,coconut
90,40,78,26.80546053,68.14463971,6.24374412,203.02491602,coffee
76,43,40,28.16909562,39.49302988,6.7679551,91.81226452,jowar
63,25,64,21.40397881,88.69335162,6.09622562,241.22351641,cardamom
72,36,79,26.5355442,67.31360697,7.01823343,127.08099064,cotton
53,44,78,20.1018717,83.18868224,6.67815284,195.04396483,cardamom
104,20,26,27.22783677,52.95261751,7.493191968,175.7260273,coffee
44,74,85,20.18649426,19.63719995,7.150681303,78.26039559,chickpea
72,29,25,22.64478552,44.82182338,7.66331664,87.13365098,mustard
77,24,58,24.74678164,73.76115728,6.08925487,165.37581619,coffee
114,69,46,26.93805264,54.90319602,6.57297863,106.69967988,cotton
0,123,205,22.02775403,92.96129462,5.790993052,121.1349176,apple
74,56,22,18.28362235,66.65952796,6.829199275,80.97573281,maize
45,25,33,29.07432154,45.31236115,7.10311404,56.70097506,jowar
117,56,84,26.3402175,69.93824291,6.63698995,102.09086508,turmeric
1,6,35,27.02269204,95.71935435,6.231662767,147.16824590000004,coconut
62,48,30,22.98903084,64.11298485,6.05099729,92.28425649,soybean
23,37,24,28.77833449,44.2252605,7.991902443,33.95825723,mothbeans
117,30,50,24.90123934,87.20772913,6.744966312000001,46.59207341,watermelon
155,54,57,26.15385198,82.31081031,7.26265958,158.21389625,sugarcane
56,40,75,18.18996364,73.35130842,6.24611473,192.98287019,coffee
83,94,47,27.39872329,81.10523402,6.469370954,112.1355384,banana
38,77,22,28.234829,69.3159965,6.313284267999999,35.36831423,lentil
67,35,79,21.65882559,71.41765893,5.43008199,214.45523816,cardamom
74,34,22,24.35365921,40.96448817,6.78687268,82.92274514,mustard
95,46,64,25.83129113,81.04658689,5.70178464,190.3102663,cardamom
55,60,15,32.79766751,68.77994074,7.163043872,64.11411069,blackgram
58,71,15,27.82592799,67.58618829999999,6.919243702,74.01229707,blackgram
115,64,90,34.43481532,66.62755291,7.56710085,240.06970574,sugarcane
86,39,66,34.8541363,91.15892511,5.07242074,173.26252953,coconut
50,29,42,26.74028236,60.83344693,5.48517289,240.34323513,coffee
36,55,20,27.01470397,84.34262707,6.635968697999999,55.296354,mungbean
104,35,41,15.36295417,48.68770953,7.14247816,103.05226708,wheat
19,123,200,34.76086052,81.03544763,6.167013532,65.70430027,grapes
66,38,78,25.04785288,80.75285147,4.84276853,170.96531743,tea
39,63,37,30.05426417,51.77864642,6.67161326,96.5069147,groundnut
10,55,23,21.18853178,19.63438599,5.728233081,137.1948633,kidneybeans
15,77,20,25.13163619,66.92642362,7.399749291,49.04015558,lentil
90,46,51,26.81920858,69.95352405,6.50215455,149.2535869,turmeric
57,57,75,17.09104223,18.25142068,7.785039076,87.27444866,chickpea
73,47,30,30.97025284,48.46115949,7.7698878,62.76644202,jowar
9,60,23,31.96987867,57.17377029,6.2760043360000015,64.25520357,mothbeans
75,52,44,22.08413422,48.20730844,7.18917645,114.70463232,wheat
57,45,32,12.04970682,40.51384244,6.20474752,57.32002192,mustard
58,49,64,31.89240583,73.82926261,5.15689177,239.63645814,coconut
90,41,100,24.35072973,93.34673214,7.16419107,135.41947312,banana
9,57,24,29.89232778,89.71503316,7.165121108999998,42.99498978,mungbean
9,77,17,21.65845777,63.58337146,6.280725549,38.07659414,lentil
24,37,21,30.573999,58.22686794,5.818219385,62.74803826,mothbeans
49,21,26,24.79573117,40.55869195,7.37110922,62.42729956,mustard
37,63,26,28.19354723,61.61453206,6.19813421,98.3491267,groundnut
105,45,90,22.99443507,77.26272927,6.95247224,190.0936008,turmeric
63,33,62,26.55901782,86.81626884,5.27741491,150.43739858,coffee
70,42,21,19.95909366,54.49862968,7.44683397,91.27436418,mustard
132,59,57,32.26195044,52.22982853,6.75021642,178.29414982,cotton
40,58,75,18.59190771,14.77959596,7.168096055,89.60982451,chickpea
100,32,26,25.234661,57.53161469,6.043485685,124.2261737,coffee
102,44,45,17.528431,57.95867717,6.68829529,63.97950231,wheat
49,37,46,31.89978137,52.54379878,5.5922006,92.00304421,jowar
80,44,28,19.51650013,37.48656659,7.10143315,30.35714828,mustard
66,29,72,18.93411265,82.03789133,5.7803214,278.04316281,cardamom
33,139,203,33.34214482,82.51034633,5.693287415,70.68098614,grapes
32,145,203,23.83053666,90.84422164,6.406818518,109.5966791,apple
68,45,48,30.84480669,55.40712895,6.65911786,61.76853496,soybean
43,30,25,14.35424021,56.64121744,7.9999118,30.87786236,mustard
43,68,20,29.57812712,66.17587668,7.497469256,69.43895491,blackgram
118,88,52,28.65003945,82.68752542,5.8431631610000005,98.75084366,banana
74,22,64,25.09063963,88.18983279,6.46548349,158.44070146,cardamom
87,48,60,19.46235355,77.60150238,5.86180614,210.62052957,cardamom
26,18,27,27.45907759,92.90736493,5.836075368,142.1430003,coconut
50,19,34,33.67785002,30.68514653,6.08655145,62.98586327,bajra
9,38,25,34.58561471,50.34035336,5.497946899,100.3060719,mango
38,14,30,26.92449525,91.20106019,5.5707453860000005,194.9022136,coconut
27,69,22,17.91652287,24.90814655,5.932323085,69.14681022,kidneybeans
77,55,58,33.29021972,54.04581434,7.12785702,160.97418835,cotton
52,33,24,25.23690633,56.03613568,6.53626889,64.32801451,groundnut
44,77,21,32.63918668,61.3009051,7.326980454,61.83876146,blackgram
36,68,20,17.06104474,23.77201471,5.86442953,81.83420522,kidneybeans
11,34,32,29.14305008,49.40983294,6.831706773,97.55155537,mango
168,77,69,25.64039195,72.00998868,6.69003106,193.82138701,sugarcane
51,34,22,26.24910829,50.83743451,6.68068615,124.92229366,groundnut
55,31,50,23.87364166,92.76954824,5.47976083,150.08567471,cardamom
109,58,66,24.18382391,66.92997234,5.64924218,163.67032074,turmeric
88,40,95,28.67286059,68.88470515,6.68659028,120.62678045,turmeric
87,25,62,23.97748365,88.86404169,5.25818101,173.06332526,tea
35,42,39,29.11157957,54.16602061,6.60389249,121.1538862,groundnut
51,33,34,27.14722023,61.28242194,6.52701662,122.62083192,groundnut
99,73,53,26.29039046,81.06003778,5.8717022110000014,118.6730366,banana
58,30,36,27.55549711,52.72271048,7.34261733,92.97709546,groundnut
103,16,49,24.06731461,81.64075303,6.915717008,51.75212401,watermelon
154,61,85,29.59738389,86.23254657,6.2650489,244.31699825,sugarcane
58,67,45,38.72382798,91.72514851,6.702424548,62.62377075,papaya
94,42,35,23.35655732,55.84304965,7.04591686,165.46820661,cotton
77,52,17,24.86374934,65.7420046,5.714799723,75.82270467,maize
78,41,31,28.20980946,51.42775593,7.6897019,86.70063256,jowar
129,60,22,24.58453146,79.12404171,5.947448589,71.94608134,cotton
91,35,38,24.8972823,80.52586088,6.13428721,183.6793207,rice
71,63,89,20.82976653,81.13716689,6.82739458,132.29104828,turmeric
103,65,73,31.61568552,70.3236049,6.56014547,138.56973914,banana
95,82,48,27.39489579,83.31172003,5.719014989,92.78133617,banana
57,22,62,24.39250231,62.48275723,6.30628479,192.93895671,coffee
20,129,201,23.41044706,91.69913296,5.587905967,116.07779309999998,apple
81,37,43,21.01562536,74.82500001,5.05242834,177.02942867,cardamom
87,25,46,27.42711692,90.02696201,6.379690748,21.7508774,muskmelon
70,35,33,30.88325563,45.34603816,6.13044062,99.27978524,bajra
51,42,49,23.9015088,72.42979205,6.42460846,156.77459589,soybean
104,41,77,33.90201238,48.48241849,7.93637733,68.55185952,cotton
178,63,45,34.71410321,83.23832217,6.47361862,122.49812109,sugarcane
53,73,77,19.71359733,18.09665739,7.325451279,73.64476535,chickpea
71,39,54,18.72769757,62.23011085,6.06824641,218.38096397,coffee
34,65,19,23.43974653,63.22011726,5.94239222,45.40277297,lentil
9,139,199,23.25230817,94.54128292,5.867420996,105.3558408,apple
33,31,34,31.32995611,50.22287593,5.421265282999999,89.78216168,mango
33,138,198,22.29423493,90.69033986,6.222390797999999,122.7418744,apple
108,61,67,20.61900186,65.95611562,6.50466854,161.02253216,turmeric
87,26,51,18.6935647,70.01609776,4.53392938,180.85157144,tea
61,19,37,34.70237791,42.08797501,7.92897775,49.5770386,bajra
55,37,41,21.55824883,49.1337031,7.26201976,50.06081671,mustard
103,64,43,26.23049586,67.78408275,6.45666942,76.29447274,cotton
60,20,66,25.49633153,85.56072912,5.50675105,315.41595516,coconut
23,5,44,21.20725375,94.26304717,7.16300467,107.5660804,pomegranate
42,40,38,35.04753172,27.60334367,5.50269187,57.9182758,bajra
173,47,49,25.32595851,77.09536375,6.70022007,216.0776144,sugarcane
42,16,15,32.11165937,30.55675737,5.69300592,40.49645915,bajra
69,23,25,29.68453508,27.42832586,6.06984292,92.07799447,bajra
102,11,47,27.98780984,92.78226196,6.504906978999999,27.14509034,muskmelon
28,6,40,22.10621387,91.34039616,6.769855664,106.8704803,pomegranate
17,134,204,39.04071989,80.18393287,6.499604931,73.88467027,grapes
69,21,40,21.33515996,80.23437571,6.6675077,211.05522009,cardamom
129,52,86,28.10716742,78.58895677,7.00766325,129.13080321,turmeric
101,24,67,28.9624932,94.30241593,5.80990097,166.20102747,coconut
101,58,18,25.66891439,81.38103349,6.652143699,78.59595817,cotton
3,67,24,17.00067625,19.90790546,5.520880013999999,103.2926407,kidneybeans
64,16,21,31.48941973,26.46548274,6.71410813,34.61931709,bajra
61,36,42,21.10613612,51.50993284,6.95537406,82.70405232,mustard
59,19,40,28.19710088,41.81051594,7.30958663,99.0227431,bajra
156,54,40,24.96374063,89.79912641,7.18491424,280.61926961,sugarcane
30,65,25,32.88733849,64.59457409,7.70650895,71.50569456,blackgram
123,54,86,25.67339588,81.3766336,6.50762177,290.857909,sugarcane
58,55,30,31.11039914,67.87510948,6.59316989,121.96891064,groundnut
62,42,68,23.28181839,60.34903316,6.47559674,215.35158628,coffee
17,59,17,18.416700100000003,23.42829938,5.689858133,132.9801054,kidneybeans
25,21,11,32.23797837,90.15406807,6.460044777999999,104.7052254,orange
10,78,18,18.54141834,62.70637578,6.296976913,44.07819743,lentil
20,69,15,23.44260668,22.77255917,5.934136378,107.4137246,kidneybeans
118,46,65,34.92033747,86.5108838,5.53181083,115.67593589,banana
71,56,37,23.18866654,86.20899734,6.491506245,176.103677,jute
65,55,23,16.55651618,42.88749284,7.41069613,71.37871253,wheat
28,48,49,29.79893167,61.79610852,6.63336182,105.02452438,groundnut
65,49,70,28.43426575,75.08441107,5.9479552,218.53790947,tea
35,66,47,31.7018373,91.66232213,6.953439161,48.83810592,papaya
88,35,40,23.57943626,83.58760316,5.85393208,291.2986618000001,rice
120,19,49,25.79448878,84.26830701,6.762471628999998,56.45229202,watermelon
83,39,45,23.23031476,61.5731004,6.53505319,73.38103934,wheat
81,30,67,32.92593858,78.43390023,7.26338548,256.63688998,coconut
25,78,76,17.48042641,15.7559405,7.228963452,66.96980581,chickpea
90,23,54,28.55852465,90.45773041,6.159020864,27.26588346,muskmelon
14,74,19,18.39759147,36.82639309,6.624966131,93.12330644,pigeonpeas
107,76,85,25.78211796,77.11490745,6.47166397,293.98035535,sugarcane
62,32,42,18.74851911,51.54240778,7.20063606,62.38077509,mustard
73,37,45,19.30480814,57.86122017,6.06177531,36.18606478,mustard
85,44,74,19.99961257,77.51109972,6.06812298,211.65776463,coffee
158,64,107,30.98059257,78.95875753,6.38553116,230.00523857,banana
102,53,66,31.44718691,74.34116932,6.04016566,184.94466757,turmeric
62,39,115,25.73681199,86.84709333,7.10749114,161.12366722,coconut
50,32,43,17.67844035,81.99440991,6.41341112,218.55561239,cardamom
38,60,20,29.84823072,60.63872613,7.491217102,46.80452595,lentil
77,45,47,25.72923793,35.89246653,7.43740373,53.43048521,jowar
40,62,50,27.47164584,45.30232401,6.49555197,102.72754636,groundnut
79,65,89,31.85842098,79.08564018,6.59755165,166.83594792,turmeric
72,41,36,24.09874353,80.57226761,6.187746776,176.8604109,jute
19,51,25,26.80474415,48.23991436,3.5253661,43.87801983,mothbeans
22,72,85,18.86805647,15.65809214,6.391173589,88.51048983,chickpea
95,39,85,26.67349835,92.22436671,6.28751521,229.82777445,tea
39,66,41,25.94796994,46.24312031,6.41735787,116.14964611,groundnut
81,48,41,27.87525352,92.23161585,6.73169403,178.98361691,cardamom
73,37,25,31.56766298,57.67472997,7.08425317,127.77493802,soybean
100,76,45,25.56703012,75.94067692,5.590236025,102.7867717,banana
38,135,203,23.76121837,93.661643,5.9655513110000005,100.825956,apple
105,74,45,25.14517635,81.38204104,6.098369122,119.218154,banana
54,65,47,27.92765919,91.55594211,6.721835879,149.91075569999995,papaya
35,125,204,19.6491772,80.15215777,6.107741787999999,73.69529586,grapes
71,30,49,29.10866235,72.1120441,7.06584651,115.27490574,soybean
94,40,74,23.42669498,89.25027299,6.18259367,183.23002725,turmeric
0,55,25,28.17489437,43.6672299,4.524171562,45.78172762,mothbeans
34,65,48,41.41968393,90.03863107,6.665024507999999,199.3096432,papaya
113,44,46,15.45221982,43.00812882,6.25619181,61.97438342,wheat
81,26,98,25.83294283,83.34455994,7.10449859,157.77491208,coconut
30,37,25,29.89129144,80.14487166,7.120032489,54.7960127,mungbean
37,22,25,34.58417129,48.04625408,5.96869179,69.36118263,bajra
82,65,59,30.55309635,83.34878585,5.94946309,127.73696167,turmeric
124,55,95,27.66751975,80.24066732,6.82557774,202.73116814,turmeric
91,36,44,23.1154883,66.26310628,7.10437549,84.33641132,soybean
118,65,90,32.35310056,65.72831054,6.98791323,185.70806025,sugarcane
82,35,25,30.54973242,50.60475412,5.92094881,69.03737678,jowar
156,80,40,28.87744586,79.42464859,7.66229145,173.33982952,sugarcane
108,33,31,23.69287069,66.76090123,7.393825704,144.6576424,coffee
116,45,65,23.9492646,79.3208178,5.25879887,267.31650602,tea
83,54,28,24.56190838,44.26767713,6.92707626,118.79817142,wheat
115,35,41,21.67743104,46.59527588,6.10685098,106.8137758,wheat
21,72,17,31.52104732,66.55723677,7.580527339,61.71111448,blackgram
51,28,25,25.36636065,50.70050744,7.060683,97.4194555,bajra
107,42,67,22.26988232,65.92433333,5.96127351,158.64783339,coffee
51,50,28,29.04481282,59.14092549,7.30339293,80.91100806,groundnut
149,48,113,29.6530618,93.30804937,7.13888715,227.57968173,banana
6,30,40,22.77035608,91.45498527,6.36137446,106.9659201,pomegranate
94,39,79,33.89822208,72.86454566,6.82419794,164.13731934,coconut
27,62,77,18.19737048,14.71070537,6.576415562,70.18185181,chickpea
149,51,66,32.38250683,85.99244207,6.90617026,142.98291161,banana
65,25,69,29.9182726,78.57474639,4.58957431,257.19679277,tea
29,45,16,28.43683487,87.91332682,6.583381939,43.12063289,mungbean
8,120,201,21.18667419,91.13435689,6.321152192,122.233323,apple
47,60,29,24.79591572,61.79924006,6.65858609,112.3404976,groundnut
109,29,28,23.26316991,60.51600210000001,6.724688502999999,194.1755471,coffee
108,37,27,18.92561733,46.41628395,7.17749044,119.30928932,wheat
110,48,53,29.203501,79.60166271,5.5990952,283.48881544,tea
76,24,60,26.93641899,60.0306743,5.29062462,164.82483361,coffee
61,28,29,26.22001249,35.9858046,5.63887802,97.85134818,bajra
93,32,49,17.35408485,63.80567241,6.73456994,83.3662111,wheat
67,35,22,23.30546753,63.24648023,6.385684213999999,108.7603001,maize
82,54,69,32.54408861,59.44851659,5.56191308,60.34614809,cotton
5,144,205,21.42177231,92.62665309,6.184922574,102.8045658,apple
118,15,45,24.21495706,84.20576992,6.538006356,48.01138482,watermelon
35,74,22,26.7230014,62.96841833,6.898905799,42.87274897,lentil
117,40,60,28.31915428,82.65085439,5.79772421,145.97135028,coconut
68,38,59,26.019708,75.57789148,5.21915871,239.27241365,coffee
145,57,70,27.04323988,70.86735445,6.55275554,143.25320749,banana
117,21,93,28.0180128,94.06088373,6.52370536,280.99446493,coconut
40,61,22,20.94981756,65.8108757,7.002216044,44.23913012,lentil
101,20,48,24.6774157,82.75411437,6.206247493999999,57.05709413,watermelon
69,46,41,23.64124821,80.28597873,5.012139669,263.1103304,rice
102,51,55,31.41279353,87.64797209,7.49223284,105.59047356,turmeric
0,19,33,27.1326009,95.23797989,6.234458417000001,204.7206567,coconut
25,35,20,28.90245417,43.35365671,8.923095695,71.90018566,mothbeans
89,28,33,26.44414097,53.83876189,6.9932360010000005,175.3723314,coffee
93,47,37,21.53346343,82.14004101,6.500343222000001,295.9248796,rice
82,41,33,10.66142507,51.50541776,6.91224277,85.19658154,mustard
76,20,44,18.52255808,40.01920213,7.16942675,50.07436812,mustard
76,57,18,18.9802729,74.52600826,6.092725883,94.26249353,maize
64,22,66,18.57315573,74.85943348,5.58672744,163.95737327,coffee
67,36,66,23.12411461,87.39119793,5.58240921,212.57562409,tea
60,47,45,22.59230208,55.05132526,6.26336996,134.52123149,soybean
62,38,34,34.23783023,40.02582175,6.57050327,90.64080396,jowar
5,23,15,25.66901098,92.04670813,7.408939392000001,112.5424199,orange
5,18,14,33.105698100000005,93.48447453,7.434118807000001,119.1709113,orange
28,123,202,22.76643029,92.12438519,6.442289294,120.4359949,apple
6,13,9,34.51423957,90.56151463,7.786725333,118.32719679999998,orange
61,41,44,24.36972377,82.11319791,6.537914957999999,159.92109340000005,jute
14,75,24,24.54757829,57.3414485,6.436160044,118.3606557,pigeonpeas
117,49,24,23.45801346,64.9192258,6.13118289,67.59874182,wheat
67,49,41,22.20591733,75.09239368,5.27648658,159.08524285,cardamom
50,35,29,24.93911359,54.0571086,7.24088709,87.62769511,mustard
35,52,15,28.69841277,61.14754363,9.93509073,65.67591794,mothbeans
67,39,36,32.92814759,33.66108638,7.055763,99.71428571,bajra
34,45,21,28.18837136,82.60629652,6.2873801170000005,37.01110438,mungbean
1,66,23,19.54317155,56.92831399,4.803564468,173.1686574,pigeonpeas
106,16,54,28.96017885,91.69532178,6.585872508,24.7458198,muskmelon
70,39,50,28.80635818,72.24342717,6.14444124,160.89197885,turmeric
67,60,28,24.70940609,45.20251412,6.0487424,87.43923409,wheat
174,51,79,27.81405194,79.40655687,7.70178868,273.69287488,sugarcane
3,141,197,21.98141856,91.12719303,6.142803397000001,115.4789148,apple
94,91,51,29.16093424,76.67484233,5.6180944460000015,109.575944,banana
93,34,50,26.97184088,67.27636547,5.48895832,223.66947026,coffee
30,127,204,22.50050273,92.45878335,6.126436584,100.9343903,apple
73,25,63,31.2349634,76.75563644,7.41404418,174.83884445,coconut
65,39,116,28.88209599,92.59949286,6.32836765,336.60481706,coconut
99,36,20,20.57981887,65.34583901,6.671085817000001,78.34604471,maize
85,9,53,28.20619412,92.86798698,6.447662945,28.78654515,muskmelon
74,46,45,25.75734909,88.36668522,6.025028997000001,189.4263485,jute
54,44,41,27.88352423,34.67018947,7.99581114,77.1010837,jowar
69,66,49,40.00439101,90.17015833,6.52711001,92.11877372,papaya
81,53,42,23.67575393,81.03569343,5.17782304,233.7034975,rice
6,63,23,26.01630259,49.94704718,5.906596905,160.33374469999995,pigeonpeas
80,26,55,24.53442564,88.989272,6.140099215,49.11618732,watermelon
122,46,68,23.18791356,54.82644618,6.19968888,165.80820936,cotton
60,35,22,15.41099639,45.31220572,7.03475811,95.88913309,mustard
140,57,71,33.61652081,68.40311672,6.12530954,70.05960988,cotton
126,37,21,25.84997269,84.16855231,6.61448588,77.03421249,cotton
80,42,64,24.34384208,91.13596568,5.99902199,168.44181418,cardamom
122,65,72,25.95534094,45.00050427,5.90462963,119.95022347,cotton
3,63,16,24.38041875,61.18458224,6.868881707999999,53.13946695,lentil
54,61,77,18.81198127,15.21618225,6.206582192999999,77.54294240000002,chickpea
141,43,86,32.63013356,73.87373387,6.19481259,136.65538089,banana
67,20,38,30.52845484,45.01376664,7.2983775,93.37794821,jowar
83,51,25,31.84677377,65.0288536,6.58745901,169.64415605,soybean
131,38,19,23.86814008,75.68339729,6.814341946,90.4547185,cotton
101,38,45,23.0538992,40.22381836,6.34664095,100.78612987,wheat
76,51,18,26.16985907,71.96246617,6.247040422,79.84925393,maize
67,22,31,15.50216016,52.01639188,7.30459351,39.32403889,mustard
80,22,18,32.29898249,37.00169896,6.67580607,90.1280655,bajra
37,11,36,24.24779615,85.56033312,6.710143266,106.9216033,pomegranate
29,142,203,29.67229086,83.71498986,5.891195653,66.48490371,grapes
79,40,39,20.08360446,56.15755652,7.17402684,72.48560702,wheat
129,40,47,33.17240778,74.26409171,6.81367758,178.28959348,sugarcane
132,57,57,34.5067972,80.22847262,7.73999746,144.95960696,sugarcane
98,34,40,20.05397786,47.48929496,7.05958487,119.42897036,wheat
54,34,78,22.22405501,72.07044288,5.11897473,133.47649587,coffee
100,36,75,31.43434965,86.60486913,5.93796204,166.15716516,turmeric
82,39,55,20.65243746,77.52220417,6.15965875,272.95159929,tea
102,46,19,22.77076388,82.5993307,6.631005298,81.49543437,cotton
83,32,90,22.58073256,90.50348712,6.31791148,278.03526376,tea
74,36,27,24.07864981,51.75101314,7.34017785,51.70355659,jowar
32,76,15,28.05153602,63.49802189,7.604110177000001,43.35795377,lentil
47,39,44,12.35553532,41.3650061,6.31082203,80.5239824,mustard
41,29,31,21.07618981,47.96618104,6.49479264,32.36618687,mustard
79,25,31,20.16335638,47.27293377,6.97511677,70.90803551,mustard
88,41,42,27.67517844,60.85962061,6.60088735,80.77687753,soybean
44,51,38,26.1396554,45.30877543,7.33633453,62.94756327,groundnut
21,66,25,30.5043614,64.3656425,6.8429185,50.63856552,groundnut
55,48,66,32.95617572,77.32842483,6.12570402,263.06387069,coconut
51,21,20,31.00398879,30.03162737,5.77195745,98.18202042,jowar
59,62,52,43.67549305,93.10887229,6.608667683999999,103.8235658,papaya
92,42,105,33.33935871,75.00444757,6.19749007,228.30739894,banana
83,35,30,24.58762016,60.55730859,7.04694064,123.48293603,soybean
76,54,45,24.29496635,77.62976013,6.176618831,184.9800516,jute
33,59,49,29.51188799,69.24932171,6.1332566,72.74343633,groundnut
65,37,40,23.35905428,83.59512273,5.333322606,188.413665,rice
38,41,30,22.75793199,46.26674711,7.33816274,93.91658378,groundnut
51,64,28,25.27891857,58.2901206,7.33951331,52.65270281,groundnut
60,60,21,30.17236068,50.5568974,7.26679535,101.98129899,groundnut
24,34,38,22.87929759,48.58829914,7.19121627,77.52707903,groundnut
77,50,51,28.43962431,83.23165723,4.67784009,297.3583067,tea
91,55,15,18.09300227,72.61024172,6.376651091,78.96159541,maize
56,51,36,29.19399334,47.27877657,6.69784963,144.5939859,groundnut
49,61,45,32.76795887,94.57377401,6.764213299,240.4795923,papaya
11,143,197,22.98458907,93.3204487,5.875718516,122.1952483,apple
57,29,58,25.57638287,91.05381121,5.21612548,260.4347227,cardamom
65,40,49,22.9625021,72.22600329,7.00966566,145.04423808,soybean
60,25,40,25.97440252,46.8999503,6.31847228,72.16862302,bajra
36,144,196,23.65167552,94.50528753,6.496934492,115.3611268,apple
68,69,52,25.65492304,92.74501561,6.813383387000001,52.95477913,papaya
127,61,70,34.16317944,84.15617292,5.55696771,213.58110234,banana
82,29,80,33.53164861,75.34129495,5.21382329,215.20115177,coconut
61,38,80,18.02515007,94.62380092,5.7531542,299.18525904,tea
75,47,39,19.37272108,59.73741024,6.52192254,111.68967222,wheat
90,50,102,24.07780209,91.06574983,5.7146174,176.80783819,banana
81,45,23,19.32666088,68.03449300000001,6.192360002999999,84.22969177,maize
33,47,46,29.20300896,93.96834049,6.839443833,209.4083305,papaya
115,18,53,29.17052093,94.19790371,6.0124803510000016,22.06994464,muskmelon
114,79,51,26.21009246,82.34429458,6.313197204,112.0700033,banana
38,61,52,31.22790131,94.94021378,6.620729882000001,46.44279118,papaya
31,19,31,31.26945547,46.06999866,7.87622932,67.59424759,bajra
61,23,93,33.49216188,91.56546746,5.95727748,281.56568378,coconut
1,8,26,27.5136304,94.18955816,5.562911913,156.6732553,coconut
39,145,201,36.73126647,80.58931938,5.775600435,72.24230804,grapes
16,29,13,32.31944397,93.67804556,6.196907944,117.6236473,orange
67,24,69,15.99479635,86.42322827,6.47464035,182.97382973,cardamom
87,60,23,20.27317074,63.91281869,6.439071996,62.50351892,maize
50,44,25,29.76266149,55.2297593,6.36744694,86.53896214,jowar
119,70,75,33.16720752,88.92990851,6.15985895,179.41106377,sugarcane
140,45,15,25.5308271,80.04662756,5.801047545,99.39557151,cotton
95,30,52,29.48069921,90.33698678,6.640470862999999,26.0365768,muskmelon
30,64,29,26.96521604,57.99810492,6.28254167,106.47353826,groundnut
102,42,48,23.03321144,83.91340849,6.45365156,195.51555879,coffee
119,30,50,15.17158387,43.45386425,7.10626487,66.85782871,wheat
82,58,49,18.44476382,57.17163107,6.6122219,116.56536725,wheat
137,49,90,31.42917532,71.49868209,5.50661044,111.80000109,banana
104,67,70,26.30568051,93.47710935,6.04171973,198.03504275,banana
16,143,197,22.61711614,93.51978375,5.90402645,116.9256766,apple
92,35,40,22.17931888,80.33127223,6.3573893660000005,200.0882787,rice
36,24,41,24.94467632,94.25702672,7.009180374,103.8799347,pomegranate
22,138,195,27.83487131,83.51444973,6.208196881,73.02882766,grapes
111,41,18,23.64328417,78.1258666,6.10539819,80.96157332,cotton
34,16,25,30.07202564,50.96040505,6.10729559,92.09609766,mango
27,59,22,21.81167649,23.20591245,5.794158503999999,130.0608093,kidneybeans
89,36,38,31.6843305,73.42737608,6.592024,131.86286961,soybean
112,39,29,26.12492233,63.37479229,6.726528895,147.8035305,coffee
54,36,36,28.58019382,65.44932386,7.15573687,64.27814476,groundnut
35,71,17,29.89286629,66.35375127,6.931924962999999,198.1403003,pigeonpeas
32,73,81,20.45078582,15.40312102,5.988992796000002,92.68373702,chickpea
172,74,59,26.1726522,67.44771538,6.7808927,147.07009171,sugarcane
135,44,50,22.04221379,49.38400003,6.58929576,117.64061218,cotton
99,21,51,28.57931102,77.46422431,4.59125292,186.36389391,tea
26,65,22,17.84806561,18.77621951,5.9499490810000015,143.09841709999995,kidneybeans
54,57,50,22.30231874,65.77907816,7.12290296,113.32806088,groundnut
111,38,47,20.68945248,50.75547764,6.02103584,54.98622206,wheat
95,74,50,25.90113128,80.47152737,6.002481605,110.10323,banana
14,69,19,20.95628486,63.68128841,7.239455147,52.39881209,lentil
72,39,48,28.71883554,87.91518356,5.5903103,235.12718598,tea
92,46,73,34.4798262,70.22570133,5.59119168,180.97170275,banana
43,66,79,19.46233971,15.22538951,7.976607593,74.58565097,chickpea
99,33,72,22.11957266,72.81766609,6.37325722,282.65070741,cardamom
31,40,22,29.40889385,86.16063492,6.365513634,53.35486977,mungbean
11,41,19,26.85911286,41.81420849,5.131779302,44.13827124,mothbeans
37,56,49,28.60775472,67.91784069,6.14465858,70.78413567,groundnut
75,45,67,25.4114945,68.37319565,6.29729793,101.11740866,turmeric
38,36,21,28.02952623,84.8845732,6.5563729660000005,36.12042927,mungbean
90,52,25,25.97482359,69.36385721,6.822586546,103.2234212,maize
95,45,79,18.83502766,70.51214964,5.272619,284.2235961,cardamom
73,45,26,34.33903149,54.73739197,6.80804861,65.31720031,jowar
25,32,25,24.49881915,66.85980448,6.46008668,117.44914666,groundnut
72,27,77,25.03178972,89.93639685,6.01291605,242.52352792,cardamom
33,75,84,19.46210401,18.72831993,7.217018459,68.81405149,chickpea
74,36,56,27.65014757,89.78782991,5.34298205,218.06997785,coffee
124,55,64,25.93325746,73.34695596,6.00823891,198.37160852,turmeric
27,61,18,33.30711818,67.07780816,5.266227032,108.5090168,pigeonpeas
22,60,85,18.8392908,14.74071856,7.811997977000001,94.78189594,chickpea
117,76,47,25.56202173,77.38229006,6.119216009,93.10247183,banana
11,45,19,28.70012137,44.359648,3.828031463,44.11622138,mothbeans
74,24,29,34.89415379,44.72367176,8.32658824,59.74985554,bajra
78,58,15,25.00933355,67.816568,6.5286312660000005,62.91359494,maize
116,40,33,24.91370487,54.15319242,7.042089492000001,129.5481144,coffee
75,35,52,23.42083071,86.05407664,4.82796321,158.68029764,tea
17,30,27,29.03065024,90.79093862,5.894027065,205.5720367,coconut
42,74,83,19.2582557,14.2804191,7.545258424,65.78042032,chickpea
61,51,51,39.30050027,94.16193416,6.574677594,120.9512466,papaya
61,30,49,30.63541663,38.03961161,6.16071987,49.34608109,jowar
115,31,30,24.22984659,67.37768353,6.840927967000001,122.4073418,coffee
124,69,36,33.06686675,54.62498286,6.38355384,91.80034277,cotton
90,49,21,24.84016732,68.3584573,6.4725232870000005,74.05474936,maize
107,24,79,27.4497786,66.90638816,6.35696343,190.30026994,coffee
26,80,83,17.08498521,16.14565756,7.528599957000001,71.31007253,chickpea
33,57,17,27.89636126,88.71782287,6.78415271,57.79863368,mungbean
2,36,31,30.90225239,49.95955487,5.73171945,91.77522598,mango
89,26,38,17.79025506,38.40355496,7.38225669,43.84625122,mustard
85,48,70,26.32332764,74.64067709,6.94240508,177.12085168,banana
33,77,21,30.32992227,65.62971858,7.01285529,71.64631281,blackgram
84,22,42,30.17641002,47.87635349,5.58547295,49.71906189,jowar
20,77,23,34.87248659,38.83786012,5.180271502,148.25027859999997,pigeonpeas
127,44,50,26.22007731,86.18852752,5.95857451,107.84536065,turmeric
22,42,22,25.54249137,56.96640758,7.887658711,48.46797044,mothbeans
75,36,44,28.10884429,55.18318652,7.31524412,159.96919731,soybean
106,10,49,27.72653142,92.00687531,6.350623739,20.21126747,muskmelon
83,58,23,19.74213321,59.66263104,6.381201909,65.50861389,maize
63,47,24,17.7956329,41.85587966,7.90191552,67.64395177,mustard
33,73,23,29.23540524,59.38967583,5.985792703,103.3301803,pigeonpeas
80,49,41,27.30695771,87.6884388,5.964407,268.68757649,cardamom
84,32,55,21.2402947,89.16163533,5.15703605,279.78813147,tea
108,41,63,25.2264629,61.81950452,6.01166581,186.26231226,coffee
87,44,43,23.87484465,86.79261344,6.718725189,177.5147313,jute
86,39,36,13.52344203,39.07678543,6.48699909,99.10035973,mustard
96,54,67,20.40697035,68.23943922,6.24277684,217.22659813,turmeric
36,43,21,28.36319404,84.8593608,7.140437859,52.93031105,mungbean
27,64,21,32.84213012,68.68401492,7.543804222999999,73.67166182,blackgram
82,20,54,29.34033587,90.01506395,6.541150335,21.44532907,muskmelon
77,43,34,24.95907642,47.70795893,6.20697971,74.87044858,mustard
46,46,37,24.18395738,58.08363826,6.99875262,70.12866147,mustard
90,46,32,30.64498793,64.62462878,6.15203346,60.08845355,soybean
54,67,52,35.67667332,93.30641944,6.586107335,141.3381168,papaya
12,78,23,16.06522754,18.72479695,5.99812453,88.06638775,kidneybeans
128,64,91,29.28166603,75.91591549,6.97286109,108.8842033,turmeric
114,51,46,19.73201318,49.04573062,6.7690829,101.51822785,wheat
92,44,16,18.87751445,65.76816093,6.082973754,94.76189431,maize
1,27,36,23.98598756,93.34236582,5.684995235,104.991282,pomegranate
89,30,48,27.68854379,43.1479846,5.54070141,45.26801305,jowar
73,54,25,20.08049033,71.77480067,6.47969483,119.01666146,soybean
4,23,5,22.67594476,93.36348717,7.477935216,110.3332655,orange
94,38,44,18.74437552,89.76348623,6.20160605,258.03405233,tea
55,35,40,23.53237751,70.74234627,6.47659848,160.86484562,coffee
22,11,29,28.03380598,95.01630593,5.955742971,218.0055713,coconut
84,49,49,21.68271537,63.93349315,6.86732494,73.11921119,wheat
73,23,81,25.26268131,75.26591265,4.82419064,179.48351619,tea
83,35,70,28.78169802,68.70902756,6.5765035,130.88272851,turmeric
105,20,73,21.85736862,63.15263752,5.4553866,142.06806383,coffee
23,21,26,26.45488737,93.45042636,5.901495543999999,149.2220255,coconut
123,39,24,25.00755095,78.17952126,7.453106264,86.06411872,cotton
6,140,205,17.66558428,82.92903419,6.313085601,69.8671263,grapes
111,40,86,29.26278979,82.62303911,7.31651964,248.74115691,banana
110,64,87,27.77385763,66.72994259,7.34963696,196.04109209,turmeric
102,57,37,17.77471549,45.54965988,7.48181877,93.26595225,wheat
57,28,99,34.70411709,80.47488162,5.2036138,348.38903749,coconut
109,46,29,20.09920163,63.43414568,7.28962485,90.90902991,wheat
37,18,30,27.63551259,99.34854917,6.38488418,157.91715369999997,coconut
115,28,118,34.27109966,80.91931825,6.3523843,120.31586228,coconut
81,47,39,28.36408308,58.87700901,7.68924847,106.24489499,jowar
84,49,58,18.41922434,83.25620005,5.65251883,201.94022357,cardamom
88,21,27,24.43011925,66.02411187,7.231166546,181.6368274,coffee
21,29,12,22.30318989,92.15987039,6.438668989,117.3688104,orange
60,59,22,31.86847286,66.74217464,7.191522601,74.22238583,blackgram
52,68,45,24.82984948,68.09653571,6.52556027,149.1237444,groundnut
6,13,29,27.31155708,99.96906006,5.832608027999999,201.8258633,coconut
115,80,61,26.73944294,73.3444985,6.74230931,137.22279752,sugarcane
16,65,16,18.13027797,62.45851612,6.078724107,50.6128521,lentil
71,44,67,27.2883155,74.07378836,5.70551828,163.67353749,cardamom
50,62,41,25.265984,45.34615278,7.25702042,121.20480474,groundnut
78,43,42,21.32376327,83.00320459,7.283736617000001,192.3197536,rice
34,48,48,41.04224355,91.37258067,6.805277038,181.527598,papaya
100,6,53,29.05248036,93.92217834,6.105909623,23.66620626,muskmelon
126,46,80,29.35622351,77.24297714,6.90548957,109.87698439,banana
139,64,104,30.0397181,77.56236086,6.26229012,147.80836979,banana
95,33,113,31.05063175,72.37861525,5.89557824,215.20258061,coconut
60,66,34,24.55528212,47.97758114,6.27899105,120.10546231,groundnut
108,66,73,31.85706575,51.33150322,7.12261158,145.45527094,cotton
48,24,42,13.91181859,56.73580942,7.04382651,43.08116096,mustard
88,40,32,10.01755704,39.49007429,6.88607018,90.81483426,mustard
103,64,115,24.25020109,87.62052958,6.065247,155.16941962,banana
17,64,18,36.75087487,58.25799145,6.07938452,124.6028153,pigeonpeas
130,64,72,27.21612619,76.99816235,6.54732281,142.11056989,sugarcane
82,64,58,23.54284346,67.28287674,7.28673454,170.54675816,turmeric
98,22,114,30.36337831,80.78423209,5.13709306,263.10203408,coconut
39,37,25,33.33024826,45.61143594,6.953246506,98.28583013,mango
61,29,42,16.01212595,58.16201718,6.46895405,33.45104227,mustard
44,56,49,39.23342464,91.25589286,6.519779582999999,64.4478499,papaya
34,63,40,29.2539827,64.18950122,6.77631997,62.25023019,groundnut
87,47,64,26.5670145,90.29221296,7.22737323,107.94930288,banana
51,25,23,31.01230333,50.28239277,6.09673144,51.47625482,bajra
19,35,24,27.11030369,83.64274107,6.883308033,49.11964582,mungbean
6,7,7,27.68167318,94.47316879,7.199106204,113.9995146,orange
138,63,62,34.29806818,71.8799705,5.74261703,227.02409984,banana
129,47,20,24.41212325,80.80343786,6.281913857999999,98.60457373,cotton
38,132,197,20.42094753,81.54185044,5.931101816,66.93065667,grapes
90,59,35,24.25133493,89.86454053,7.098227926,175.1742112,jute
77,49,60,32.90301943,73.23083577,7.31277669,272.61252167,coconut
22,68,16,27.70496805,63.20915034,7.74672376,37.46160727,lentil
74,39,80,26.29981405,74.35738969,5.40780493,200.64991899,coconut
108,89,53,29.12036889,80.18080728,5.908770059,112.3982055,banana
101,17,55,24.37118217,87.1269128,6.451499763999999,44.63907691,watermelon
31,79,25,23.18864385,22.3104551,5.902033406,63.38208822,kidneybeans
1,35,34,30.79375683,46.69536813,6.27339822,92.21318555,mango
97,42,45,24.79966119,74.28264059,6.56772367,228.262609,cardamom
107,42,75,28.68550416,49.90684088,5.92077304,94.81557477,cotton
95,13,46,29.84070774,93.76312893,6.126019932,23.28207838,muskmelon
62,35,25,27.31043441,34.95513793,6.87255708,54.6363008,bajra
83,35,31,24.80766993,45.17000798,7.83721411,69.6965607,jowar
159,68,84,34.14799935,82.65713567,6.8161625,226.05792372,banana
53,42,62,29.88651277,93.22250534,7.25633836,124.95194064,coconut
8,139,199,29.36947679,81.53996362,6.3364266670000005,66.13442813,grapes
53,59,23,30.27799249,49.20160961,6.28520197,133.61923495,groundnut
40,73,20,21.59343016,20.31871249,5.811314232000001,61.13872036,kidneybeans
50,46,67,18.4972094,74.32741136,5.91773139,299.82019054,cardamom
120,53,66,21.59832438,87.17343442,6.60087355,101.16776789,turmeric
42,65,30,30.05064354,60.31316568,6.5641852,129.57819805,groundnut
139,52,80,28.82976682,72.54176444,6.19651433,215.79662205,sugarcane
29,25,14,30.49183837,90.4582865,7.781988584,113.3302105,orange
37,38,32,31.85744939,45.53106268,5.417340525,91.55845821,mango
34,15,34,27.05826457,91.10510371,5.677282677999999,224.70069530000004,coconut
67,52,28,24.70957532,58.36608553,7.28419839,124.28859555,soybean
113,50,37,25.89052729,49.36089077,6.72526751,100.27095189,cotton
88,39,68,26.78215433,83.5489921,6.76657403,113.23290276,turmeric
39,21,9,13.20844373,94.02769434,6.354022554,106.2696156,orange
23,75,25,31.07508973,47.19847683,7.077170002000001,91.31256412,pigeonpeas
97,35,61,25.86705436,75.80638842,6.20647029,199.64834786,turmeric
17,67,18,31.2192752,56.46868874,5.611510977000001,129.20286529999998,pigeonpeas
20,139,202,23.50201428,92.21083961,5.66999105,107.9868949,apple
95,38,84,29.5782513,85.84709997,6.37369639,143.03160106,coconut
90,36,74,23.95573969,88.99061655,5.84916421,221.52806782,coffee
94,50,37,25.66585205,80.66385045,6.94801983,209.5869708,rice
94,68,44,34.46382881,46.85129883,6.76962339,160.40140208,cotton
9,25,41,24.81530144,91.90842992,5.972714857000001,109.2853418,pomegranate
27,76,83,19.12829388,14.92241479,6.289614016,89.61857826,chickpea
102,45,40,16.47962608,56.30432518,6.24809279,75.4896277,wheat
7,63,24,22.95458237,24.03553105,5.858617867,107.7315386,kidneybeans
149,46,91,28.10854861,70.40798363,7.02421147,123.07430136,banana
24,18,6,26.56608303,94.45239715,6.285312759,116.3796525,orange
68,42,43,27.55689197,55.03208607,6.64677895,68.05094449,soybean
66,48,77,32.9566876,81.85694915,6.71517941,268.21796705,coconut
108,20,63,29.62882071,80.46006787,5.92447019,327.47974012,coconut
115,68,61,30.17002673,88.82666219,7.25984968,251.41062881,sugarcane
70,53,41,23.73523182,55.50034087,6.24579131,68.27650916,soybean
114,27,100,27.54667189,73.94007143,7.42765045,316.288402,coconut
113,36,33,16.08608546,40.8489227,7.27397703,79.64061335,wheat
32,40,40,22.45097117,56.70092235,6.72360984,106.67067341,groundnut
23,55,16,21.01142393,69.69141302,5.111488821,185.2039114,pigeonpeas
22,60,18,19.59221047,61.28633405,6.74398035,41.7704893,lentil
43,50,48,28.28222883,91.37059792,6.63016515,179.27208069999998,papaya
97,43,86,30.64032066,94.67181157,7.12710203,147.83221467,banana
21,46,40,30.8149597,60.80557619,7.37097272,149.40552173,groundnut
55,32,78,25.88043429,68.43517429,5.15540577,245.69297001,coffee
52,29,32,14.53152515,45.71767991,7.89674613,79.25623395,mustard
14,55,15,27.33580911,55.27755933,8.050304395,73.44775287,mothbeans
67,54,33,17.55065875,57.61672126,7.10433394,50.73602181,wheat
57,42,44,25.12016122,61.51052096,6.74796451,122.73251844,soybean
103,42,17,24.29470232,84.61527627,6.527541661,81.05902285,cotton
36,133,198,25.51939719,83.98351748,6.2286454,69.17281221,grapes
11,27,30,27.69637763,48.56224879999999,6.39474303,89.85646496,mango
126,50,19,24.69457084,81.7358876,6.6287228360000015,78.58494391,cotton
58,31,47,23.76337258,50.02347513,6.64989274,107.97418374,soybean
40,5,32,26.07010807,96.7036223,5.981169595,143.533473,coconut
78,26,40,27.36803795,78.44494823,5.8701009,239.70212077,coffee
27,71,23,23.45379018,46.48714759,7.10959773,150.87122019999995,pigeonpeas
68,32,27,33.2646227,30.16118798,7.29043943,64.04035885,jowar
138,40,39,28.00346493,58.73714872,6.12525718,158.97578204,cotton
71,32,42,28.85998505,45.18625055,6.54438902,48.48980398,jowar
95,57,41,23.24925555,73.65346838,6.434610995,184.7674863,jute
104,20,83,31.2554226,92.20768698,5.1266355,243.66478863,coconut
113,60,63,29.53932257,84.49546527,6.41315929,118.15024706,banana
132,54,72,25.41729707,79.79963646,6.96806058,159.22136649,sugarcane
50,58,38,30.96695711,65.65200078,6.37748824,93.31594642,groundnut
102,43,76,22.00303152,83.99721618,7.4721441,119.2370994,turmeric
21,26,27,27.00315545,47.67525434,5.6995869720000005,95.85118326,mango
117,19,55,28.80311922,91.78336933,6.121745389,25.16359891,muskmelon
39,52,53,32.51247398,94.65904123,6.704204398,51.07048113,papaya
141,55,43,29.67535238,82.52234382,7.00036508,137.81384093,sugarcane
158,45,96,31.3735048,75.44448957,5.9822402,249.57066354,banana
84,44,21,21.869274,61.91044947,5.850439831,107.2681929,maize
30,36,30,26.56776989,69.14086831,7.26991438,122.58098945,groundnut
56,50,52,33.08706051,92.25197542,6.770384816,88.1300769,papaya
34,60,25,29.78416743,85.16906976,6.79385576,40.77872823,mungbean
2,47,15,29.86860065,85.99127934,6.401455706,58.41394143,mungbean
115,48,16,25.54359718,84.09229796,7.175934962,88.94245493,cotton
90,43,62,22.3929746,80.71604338,6.1384949,144.13108375,coffee
93,85,49,27.96799119,79.28625709,5.694243847,119.4765557,banana
123,57,112,24.21403904,93.77063824,6.2233218,136.63493756,banana
69,21,65,26.32031424,92.99040843,5.19831683,261.44869514,cardamom
119,46,64,27.53386591,77.11785538,6.74947691,202.18342739,turmeric
62,50,30,25.55335666,55.72432192,6.63787277,107.31103201,soybean
17,77,23,24.51324787,20.81527638,5.670062975,64.19497947,kidneybeans
89,40,43,26.24532085,72.97198375,7.124050134,189.9711184,jute
44,41,35,14.54874903,56.55042807,6.6729389,51.02111164,mustard
118,31,34,27.54823036,62.88179198,6.123796057000001,181.4170812,coffee
28,45,23,29.65021184,80.29868321,6.489259136,56.76278363,mungbean
40,120,197,23.80593812,92.48879468,5.889480679,119.6335548,apple
120,54,39,15.30499926,42.64015727,7.29012598,76.36983389,wheat
68,33,44,26.50308158,86.90874167,5.88887786,196.44734526,tea
88,38,39,19.51044747,51.47199986,6.17579758,97.65341321,wheat
117,56,15,25.99237426,77.0543546,7.368258226,89.1188212,cotton
40,20,27,26.38264269,28.57765743,6.62003127,44.4334062,bajra
82,55,50,23.54934269,54.51218855,7.27265687,98.98497339,soybean
20,68,17,30.11873003,60.11680815,6.578714842999999,71.72980375,blackgram
7,45,22,25.50634557,44.8302551,9.926212291,74.32635105,mothbeans
113,33,118,30.81733999,84.635538,6.97780242,257.47604048,coconut
85,37,39,24.52783742,82.73685569,6.364134967999999,224.67572310000003,rice
77,48,40,26.60501299,50.05585524,6.34028553,92.34152804,soybean
22,17,26,28.69818144,47.71875722,4.754435025,99.642454,mango
50,64,25,28.84079155,63.37230676,6.734447425,70.25496749,blackgram
106,21,52,28.89578588,94.78993038,6.286515359,23.0362503,muskmelon
70,56,22,18.84155646,47.39253421,6.05776512,64.05093911,wheat
44,51,44,27.22506468,54.49163771,7.40229936,63.91560727,groundnut
67,37,64,18.70237555,64.08394793,5.64709528,189.07169201,coffee
58,79,17,27.24766491,66.10123083,7.04174124,62.31842057,blackgram
76,57,33,23.37510431,64.57612548,7.13519099,78.65963599,wheat
116,44,57,28.37610658,87.49135583,6.21456984,211.03450287,turmeric
43,68,81,17.47809436,17.93253975,6.761599706,78.92060234,chickpea
17,74,17,26.03026959,69.55863145,7.393210848,37.11395801,lentil
61,35,50,31.19931487,55.41027385,6.37244079,115.81175116,soybean
72,36,97,31.02082313,74.49871156,7.29190494,311.77152253,coconut
35,58,20,29.38538562,63.47742011,5.761702519,90.05422663,pigeonpeas
99,39,18,19.20129357,68.30578978,6.11275104,87.85092352,maize
25,51,24,25.5042419,61.66852372,9.392694614,65.07981523,mothbeans
152,72,73,31.66105361,77.36527925,7.02530723,219.38827536,sugarcane
78,34,47,18.4671078,92.10561194,6.38589294,168.85185822,tea
105,31,50,25.61458335,65.58665403,5.38696055,243.18179285,coffee
28,46,16,29.008124,84.96089355,6.664187809,45.91011391,mungbean
107,21,26,26.45288458,55.32222678,7.235070264,144.68613359999995,coffee
31,30,29,26.58580443,90.98617591,5.558807063,178.8116076,coconut
125,55,78,29.97103314,54.73373949,6.18802061,75.15731605,cotton
23,24,32,28.1218093,46.16888595,5.630619901,93.30247448,mango
65,33,34,37.23387794,47.80459801,6.16292822,86.60558713,bajra
67,16,15,35.99499586,34.1508342,7.36455193,67.03075229,bajra
101,51,93,21.18151738,74.46804992,6.3478365,214.26074259,turmeric
21,17,15,23.98289638,91.5473145,7.455991072000001,118.4901697,orange
125,60,17,24.14386157,84.51591287,6.785723961,80.36146974,cotton
78,57,85,23.10078001,65.89074084,6.42892078,157.67174901,turmeric
22,36,16,30.58139475,50.77148138,8.18422855,64.58559639,mothbeans
84,32,30,20.81668017,45.99540734,6.63434823,94.75891519,wheat
71,54,27,17.79911475,48.68098165,6.95733369,84.56974529,wheat
76,56,49,30.08876789,65.16704282,7.03997428,103.0749192,soybean
120,25,50,28.05457761,94.81637388,6.327210469,21.84869328,muskmelon
91,42,51,29.15694857,58.30787197,6.54499685,105.68906599,soybean
29,25,35,28.3575072,91.64509299,5.542873799,160.73069909999995,coconut
51,21,20,27.95247337,30.52486529,7.53925307,78.00557283,bajra
67,23,33,31.99586925,33.15974175,7.25744813,32.30332048,bajra
10,141,201,22.12659387,90.97818277,6.386021424,104.5412275,apple
93,44,48,25.3617377,94.23704315,5.07306939,251.89466559,cardamom
55,37,29,29.60348106,58.41601148,6.39036145,92.88791403,groundnut
37,69,22,30.54730041,55.64870451,6.7389478,131.59383154,groundnut
20,30,27,27.81005614,51.59445462,4.74910393,95.89898581,mango
104,25,55,29.81196601,90.36881284,6.123802502,22.68766503,muskmelon
18,79,20,20.27514686,23.2353604,5.877347515,139.7521543,kidneybeans
116,81,55,26.42313317,83.69950440000002,5.915546415,95.12322062,banana
103,40,105,29.58586371,70.89774828,5.63224829,210.10647437,banana
72,30,33,24.89955123,57.99283697,6.3264445,68.75531116,mustard
81,47,79,23.21799147,70.26239058,6.59216875,152.38217071,cardamom
54,40,60,24.4339187,74.16530713,5.09445605,128.89080229,coffee
44,57,53,42.30495821,90.51431779,6.93172108,74.876786,papaya
21,21,30,27.69819273,51.41593238,5.403908327999999,100.7720705,mango
13,47,20,29.21780035,87.93724219,6.54450214,43.1386631,mungbean
81,16,45,26.90435747,86.25426228,6.727468157000001,59.75980023,watermelon
60,36,36,28.11865647,43.68767987,6.57852785,71.99812147,jowar
28,23,28,30.01821337,50.09831810000001,5.676032581,96.08745082,mango
34,60,22,17.66148158,18.15302753,5.635231778,100.6711761,kidneybeans
4,59,25,27.68515114,81.94268594,6.227134139,54.62243308,mungbean
4,59,19,26.25070298,67.62779652,7.621494566,40.8106299,lentil
68,34,44,22.72910877,62.63396834,6.79807735,161.39622259,soybean
28,37,28,32.13409675,50.52559148,6.097869767000001,98.63333684,mango
21,20,31,25.60033702,99.7240104,5.855457599,165.82487319999996,coconut
91,39,78,25.08996118,88.24413673,7.41016678,200.2686012,turmeric
177,41,86,27.86980515,85.97186551,6.72732081,279.55270886,sugarcane
90,56,45,26.24637248,58.16404771,6.24029774,136.81958905,cotton
55,19,34,25.11310044,32.5431939,6.04552016,38.96077622,bajra
14,140,197,23.35225078,90.90054697,6.071255131,113.0381382,apple
43,41,25,21.66440187,57.60099877,7.50228929,96.97568698,mustard
121,58,70,29.48700227,78.68166897,6.22232717,168.25319562,banana
15,133,199,23.99686172,91.61001707,5.8247786360000005,117.6102915,apple
54,40,50,27.0097959,85.82319829,5.40014273,224.63881006,coffee
80,71,47,27.50527651,80.79783998,6.156373499,105.0776992,banana
102,37,25,25.31468463,77.91757121,5.907930899,72.82902109,cotton
85,50,31,18.89079899,56.59546484,6.3137341,43.76938063,mustard
69,60,54,36.32268069,93.06134398,6.98992719,141.1736926,papaya
38,51,52,32.66160599,90.78931681,6.927803911,78.85085502,papaya
86,18,45,28.96586565,90.71832938,6.566759102000001,22.25838137,muskmelon
8,58,17,28.75273118,69.15640149,7.286049977999999,35.15426171,lentil
96,67,67,27.88913759,54.00351636,7.38648978,133.42855385,cotton
31,11,45,24.83954414,86.88738076,6.034612928,107.6435771,pomegranate
90,38,32,34.42485016,56.47001651,7.38021169,101.47336039,jowar
93,49,94,26.07401413,75.85670465,5.3771184,203.14320645,coconut
7,17,10,10.16431299,91.22320999,6.465913274,106.362551,orange
125,42,66,24.01837837,94.57048969,5.73474588,113.51973769,banana
0,133,200,23.67287749,90.4935574,5.708418722,104.2298028,apple
128,47,92,29.05913972,77.12369038,6.49539088,215.5177021,banana
81,56,36,23.39605743,72.60512854,7.097586415,174.78764109999997,jute
106,42,100,22.11941265,89.37889784,7.32626897,132.28393409,turmeric
45,58,49,30.10773379,90.34546355,6.827812549,75.24521981,papaya
76,39,24,24.2547451,55.64709899,6.995843776,64.23845455,maize
2,131,199,22.47420512,91.22759742,6.017370134,124.2179699,apple
80,35,25,19.39439718,56.28087377,6.36135887,95.03947399,wheat
117,25,54,28.68275966,92.50969311,6.150686363999999,29.11187663,muskmelon
74,41,44,29.64151108,37.95734496,7.91455129,62.64249483,jowar
39,71,84,20.28155898,16.39535215,8.140825437,82.52339655,chickpea
92,23,61,26.57780057,77.79714686,5.1042334,208.55364402,coconut
69,37,45,20.28416133,61.64727311,6.15582014,128.39321839,coffee
26,54,17,28.5474135,88.9570454,6.27258822,49.4897245,mungbean
108,44,73,25.49153524,80.1748608,6.29709146,197.97589792,coffee
56,26,44,24.77673025,55.06876428,6.49043655,119.59954531,jowar
84,26,32,30.76119422,57.47844767,5.93554251,93.33894127,jowar
19,21,34,30.01592643,53.19212381,5.074272692,97.72843182,mango
57,64,55,26.68386496,92.9585411,6.583760498999999,62.50689682,papaya
107,42,99,30.19103601,74.05001263,5.99132332,177.26293987,turmeric
45,48,24,34.96416933,33.69456464,6.6781839,93.26899436,jowar
17,52,17,27.88352946,86.45147631,6.364967184,44.64407105,mungbean
39,29,23,30.41884227,26.86330533,7.06539398,58.38284741,bajra
41,28,34,31.09487664,50.88460822,7.0008824,76.36128567,bajra
24,45,19,26.85851927,48.8246387,5.9523849570000005,34.7426459,mothbeans
75,36,44,23.28081,74.27607475,6.613341342999999,153.7447398,jute
95,62,58,22.06708263,67.46154198,5.97132443,113.65199368,turmeric
1,29,29,27.32961444,49.30347234,6.052026047000001,93.53197359,mango
10,70,19,24.84918386,68.98088448,7.272427638,41.61080544,lentil
108,54,97,31.79843255,87.16721084,6.75894781,237.31160615,banana
50,59,47,40.76998685,92.09278584,6.747975732,209.8678411,papaya
55,47,51,29.10124451,72.50487013,6.04476194,70.15865435,soybean
31,60,24,25.40474421,65.8567539,7.722335992,51.92057267,lentil
108,52,54,33.29990923,74.57626278,6.91494013,179.98714291,sugarcane
37,10,32,28.96318258,95.16333673,6.165084855,222.803013,coconut
42,62,75,18.17912258,18.90426935,7.010570541,81.84997529,chickpea
35,63,76,17.81564548,17.60756635,7.714153037999999,90.82097601,chickpea
40,16,35,34.16438906,54.16482251,4.954739564,98.33351125,mango
40,64,30,29.71092004,49.91688136,6.90647931,132.13607975,groundnut
13,23,6,23.96147583,90.26408017,7.365338111,102.6958703,orange
15,140,195,13.28504331,83.54193816,5.69945282,65.80006004,grapes
9,16,36,23.77989026,92.93386903,5.893332377999999,106.977723,pomegranate
56,31,29,22.00317183,47.50259429,7.75717842,86.51502538,mustard
31,8,7,34.51465139,93.63812684,7.163245982,103.5684926,orange
3,77,25,24.84906168,22.89464642,5.608165195,62.21292186,kidneybeans
100,21,53,18.03326839,81.36625911,5.43837225,195.61499625,cardamom
84,55,38,26.8748389,79.78725152,6.956682742999999,173.1017097,jute
101,54,48,19.55050494,59.98548898,7.39957347,88.86647577,wheat
54,61,27,29.06253133,50.77960018,6.43181085,59.27141122,groundnut
99,46,88,27.89280154,76.3011468,6.11270792,290.27273476,tea
30,120,200,38.06099482,82.24729637,6.234904253,65.70148216,grapes
20,79,77,18.54988627,16.02542689,7.64867466,76.32565249,chickpea
7,144,195,22.96388477,93.58065995,5.85648105,104.64729859999998,apple
52,51,53,38.38231475,93.10378595,6.985804083,210.2735346,papaya
50,23,42,34.0861242,43.12388618,6.88953178,117.79555229,jowar
69,67,52,27.71948962,94.43877142,6.827305908,82.83061083,papaya
51,22,44,19.08585311,86.796788,5.01311391,125.2311045,coffee
93,56,42,23.85724032,82.22572988,7.382762603,195.0948311,rice
53,34,46,29.34277933,59.76415996,6.03866241,117.60804367,jowar
120,44,63,25.66101812,85.41948724,7.78731924,237.99741568,sugarcane
105,63,82,29.65818223,66.75814865,5.77354703,112.95686287,turmeric
103,53,76,26.97490211,87.22921933,6.96251907,276.2031653,sugarcane
88,36,44,13.48817363,50.87426875,7.42757499,63.28584417,mustard
50,61,34,25.94191174,45.278195,7.18307447,56.85464049,groundnut
102,71,48,28.65456263,79.28693687,5.695267822000001,102.4633775,banana
110,71,54,28.67208915,82.20793613,5.725418961,94.37987496,banana
37,57,20,31.1006247,44.82069159,7.354286985,70.79934452,mothbeans
106,70,55,25.86824781,78.52399914,5.74055541,116.3019555,banana
27,8,30,26.44600063,98.29937782,6.008386282999999,221.2258168,coconut
110,40,73,32.18488611,51.17198008,7.89342619,125.15731033,cotton
73,57,41,21.44653958,84.94375962,5.824709117,272.2017204,rice
48,61,21,30.28496619,61.69295127,6.628264883,65.62859526,blackgram
80,44,25,28.33173725,58.63920638,6.54791915,106.85757768,jowar
98,25,120,28.77622974,82.07961411,7.14016293,332.56734097,coconut
137,53,110,26.65344206,86.84735417,6.89791533,133.89943728,banana
85,21,52,29.62800691,90.10051615,6.0751441160000015,23.69586761,muskmelon
86,47,57,33.08604923,59.21231093,6.34481528,149.86001946,cotton
26,72,22,28.76794904,37.57792132,4.674941549,91.72084869,pigeonpeas
145,43,52,30.04942468,68.44813479,6.80744584,224.01338038,sugarcane
36,7,37,19.8671184,86.35590206,5.782435567,108.3168858,pomegranate
39,58,37,24.6904667,68.42126462,6.48330054,105.75102768,groundnut
56,36,48,23.20866125,73.24770451,6.39462253,95.16957379,soybean
113,66,63,33.46695859,65.75377771,6.48388053,150.10389746,cotton
77,33,32,24.14491899,50.98738844,6.66134883,105.25926378,soybean
31,32,29,33.84487858,52.13044462,5.61477649,35.16603948,bajra
75,44,56,30.52492662,70.6946289,6.36534604,130.09084462,turmeric
14,131,198,33.4641162,83.86742974,5.562790949,67.92204319,grapes
37,18,39,24.1469628,94.5110662,6.424670614,110.2316633,pomegranate
77,49,37,29.15361895,39.89757111,7.99876511,116.46044303,jowar
68,46,50,20.71790937,75.4346471,4.53418754,218.9092163,tea
78,26,17,25.37883536,28.27620119,5.6711798,80.23900888,bajra
5,35,20,28.92952635,53.57014709,9.679240873,66.35634104,mothbeans
88,40,63,31.53056537,72.06312973,7.08606907,195.74924042,coconut
71,52,18,25.10787449,55.97732754,5.790770202999999,78.16077693,maize
17,136,196,23.87192332,90.49939035,5.882155987999999,103.0548094,apple
83,21,100,26.60001793,80.63308543,6.66044535,286.13977719,coconut
19,65,25,18.09551014,18.29318436,5.6250964460000015,144.7902323,kidneybeans
41,45,45,12.95673662,56.5495598,7.92109928,34.33917242,mustard
26,122,202,22.44516988,94.73763514,5.617227184,107.1843273,apple
32,12,30,25.39241091,98.08951196,5.579845008,218.080385,coconut
63,56,43,23.06392619,50.04158218,6.99233826,124.38667063,soybean
140,38,15,24.1472953,75.88298598,6.021439523,69.91563467,cotton
27,22,29,28.83214859,92.17170353,6.000248647,145.41723869999996,coconut
81,34,30,25.17787724,62.26244581,6.6477659970000005,135.0119649,coffee
115,40,58,22.38466653,63.64045513,7.44744498,117.60831963,cotton
36,19,32,27.10710832,50.70880979,4.94295037,92.37238878,mango
29,64,33,27.87969225,52.62277961,7.12028708,62.42253229,groundnut
85,52,45,26.31355498,82.36698992,7.224285503,265.5355937,rice
114,27,28,24.99451759,57.93250202,7.162802357,192.8736822,coffee
13,144,197,22.9215706,94.89613443,6.28022267,105.6941544,apple
55,65,46,23.13021821,49.62190071,6.56830843,103.62868705,groundnut
111,5,55,26.283443,84.42478917,6.520663422,50.78669728,watermelon
40,64,47,32.50037548,93.47888842,6.893509446,71.73759526,papaya
171,68,40,33.65407319,85.74811904,6.18526256,235.74742687,sugarcane
16,80,20,31.24021696,56.67369054,7.3393209289999986,122.0146733,pigeonpeas
100,36,71,26.45085715,84.70137121,6.12439446,125.31329064,coffee
114,30,51,29.24908541,90.06998135,6.069171847000001,25.93496537,muskmelon
34,29,8,31.87859192,91.15248149,6.450640306,105.3437825,orange
13,61,22,19.44084326,63.27771461,7.728832424,46.83130119,lentil
37,144,197,11.18994268,80.8084305,6.415555956,66.34234944,grapes
103,33,33,26.71717393,50.50148528,7.131435858,126.8073984,coffee
69,43,61,27.78165022,73.31828129,5.80149308,164.34901951,cardamom
57,33,38,11.45174204,56.85827725,6.74203862,31.48078926,mustard
115,55,24,16.82410448,59.78785408,7.11249429,59.90123251,wheat
37,66,85,20.93175255,18.91295403,6.456148474,78.06910795,chickpea
90,64,71,33.93154913,56.43131311,6.35276552,107.94286218,cotton
70,54,46,39.73149053,91.12220596,6.919342407,122.7628653,papaya
21,31,32,35.38598705,51.42664176,5.254532213,90.29643888,mango
116,45,64,30.3458128,82.99481291,6.01915475,176.2258845,turmeric
35,48,15,27.10818093,87.45126690000002,6.981758362000001,55.03723979,mungbean
40,60,20,25.85421746,67.30321334,6.47667369,102.61418617,groundnut
45,47,55,38.4191628,91.14220381,6.751452932,119.2653877,papaya
19,30,30,29.56549169,91.40896307,5.826381164,224.83157290000003,coconut
85,44,45,24.19811823,73.6313629,5.40770021,201.30808654,coffee
95,12,51,25.76484262,84.17269959999999,6.681606702000001,44.22066914,watermelon
81,51,50,27.45031381,50.49660714,6.9737296,114.3281961,soybean
127,53,24,22.21506982,76.17851932,6.127939627999999,70.40557612,cotton
58,23,43,24.8632013,94.12388816,5.96119214,227.36415725,cardamom
51,55,46,30.65652306,56.25573775,6.12146346,98.09875137,groundnut
97,25,50,26.22005978,80.90127035,6.093814669,49.08553937,watermelon
115,21,57,28.91338365,86.65222301,4.73006517,280.77699851,tea
62,52,16,22.27526694,58.84015925,6.9670577620000005,63.87020584,maize
110,70,81,27.17923558,78.04877556,7.04933492,236.39085345,sugarcane
22,64,82,19.48974337,17.17260319,6.4740245000000005,87.51312796,chickpea
95,14,50,26.6333118,84.31756844,6.560443519,56.31866159,watermelon
0,19,31,25.51791333,94.38420565,6.271952832999999,178.7297725,coconut
27,21,30,35.3915464,52.48823147,5.061081874,91.22881052,mango
46,24,31,30.61380316,45.41131795,5.52566619,92.66911141,bajra
74,54,38,25.65553461,83.47021081,7.120272972,217.3788583,rice
118,13,54,24.41311871,89.81574032,6.039584629,44.07843475,watermelon
10,37,22,28.7275267,89.12760359,7.069747813999999,58.52974279,mungbean
79,21,43,20.14759113,74.96890127,5.93494671,233.55189579,cardamom
32,68,52,32.68067385,92.61715632,6.800321319,248.8592986,papaya
77,55,43,25.49941707,75.99987588,6.663559451,193.71418280000003,jute
86,45,66,26.43946208,80.93144884,5.71418046,233.98637591,tea
23,65,20,23.0429097,22.42610972,5.833940084,108.3684316,kidneybeans
95,21,69,25.65923628,72.15802316,5.96189597,124.15207768,coffee
6,47,18,29.16174608,80.28038146,6.715276662999999,40.16545979,mungbean
77,40,20,17.23090021,50.72923491,6.39902971,78.52238216,wheat
85,25,66,18.53194214,89.98356097,4.53357688,193.89530552,tea
63,41,45,25.29781791,86.88705350000002,7.121933578999999,196.6249511,jute
119,58,75,34.69701597,69.20222405,6.6007735,143.43193308,cotton
124,61,78,22.72798208,52.84041894,7.87393554,111.81851314,cotton
30,75,81,19.41789736,16.80472243,6.4084378860000015,68.4951189,chickpea
8,28,30,25.51618488,94.33465411,6.015672239,135.1272491,coconut
52,32,39,26.95873783,70.79034265,6.35884195,135.56017047,soybean
43,24,25,10.24011046,53.90966682,6.81190227,84.94422043,mustard
47,26,31,29.05854109,49.27017941,7.11697499,81.05589264,bajra
98,18,27,27.56088634,68.49299897,6.516312148,167.43580749999995,coffee
85,59,38,22.83780281,46.02962751,7.84726944,116.256707,cotton
75,54,22,16.2232792,55.33001882,6.7362868,81.83853443,wheat
90,50,44,26.91643698,73.48655995,6.253408852000001,171.4716375,jute
21,78,19,27.16159076,66.76017239,6.92009048,69.85112265,blackgram
111,21,57,25.12638415,80.56433282,4.57992109,233.67093706,tea
23,59,19,21.98560799,24.87304788,5.852046999,129.5650601,kidneybeans
80,22,120,26.22140266,87.46036189,6.7451129,210.15294863,coconut
123,64,52,31.41179775,64.53973232,7.6325509,133.02309805,cotton
144,48,96,32.85704556,76.74782963,5.83903158,238.12918215,banana
70,46,90,27.35449006,92.70403584,5.11798228,208.16370846,coconut
105,88,54,25.78749808,84.51194224,6.020445317,114.2005455,banana
77,45,48,25.55653986,49.83812818,7.76224042,126.08285119,cotton
20,20,10,11.86631922,93.68394562,6.976997772000001,106.060149,orange
96,55,100,31.80154331,85.92829108,5.64994587,132.66420837,turmeric
23,33,28,28.64612309,68.97667394,7.47431363,124.75395545,groundnut
96,55,33,24.54583237,56.89518807,7.20479533,160.06202106,soybean
85,43,42,23.25144893,49.6124683,6.97228971,56.30996461,wheat
96,31,100,28.01216411,83.96510119,6.28151506,157.71699025,coconut
99,29,55,29.19378695,91.46241065,6.660954816,26.48240255,muskmelon
10,71,18,19.54284889,66.34777265,6.151029296,173.11069819999997,pigeonpeas
156,68,47,28.47961208,81.44490265,7.83348397,276.43543162,sugarcane
67,30,25,30.58907168,48.82379493,6.55406743,73.28160957,bajra
68,38,26,36.76475149,26.47493444,5.94966354,46.55525261,bajra
97,53,30,22.44290708,71.03180689,7.35781646,174.27592298,soybean
74,36,79,28.706909,84.04232146,6.93660573,106.50243634,turmeric
65,37,53,22.35451471,60.43004552,6.33790205,152.00638487,coffee
61,27,19,32.90893685,50.1432046,6.75254207,45.61207869,bajra
74,29,49,15.64080331,90.8716903,5.40763211,218.27950278,cardamom
121,47,95,28.78474156,80.86574095,6.68883794,145.38399564,turmeric
65,39,45,23.66805429,70.89000744,6.768001309,184.4633281,jute
94,70,48,25.13686519,84.88394407,6.195152442,91.46442491,banana
83,41,54,24.79313218,53.97523422,6.35311726,155.05082418,soybean
113,62,107,25.33272727,74.63275937,5.82789245,189.63269039,banana
83,41,32,26.13802861,56.81991912,7.41641545,51.36193734,jowar
76,47,76,27.19249831,60.48644705,5.8107807,129.03148731,cotton
61,30,21,28.10122226,34.03268585,7.5868779,31.18992396,bajra
35,52,19,27.10606808,89.89593328,6.698574085,37.45680611,mungbean
90,34,27,24.84009154,57.11001216,6.18867658,43.21485408,mustard
53,33,28,28.4040481,65.68127682,6.20358951,101.14907267,groundnut
72,65,53,21.74295929,73.41002575,7.454815,181.80940354,turmeric
86,49,58,25.48674117,74.38957615,6.66655098,193.9771298,cardamom
81,45,24,15.53867618,57.97238801,7.18038632,43.15596686,mustard
109,79,45,27.66752761,79.68542782,6.490074429,108.66464,banana
4,46,15,31.01274943,62.40392519,3.504752314,63.77192383,mothbeans
60,33,33,27.9671262,54.41074191,8.47588685,78.74212271,bajra
11,122,195,12.14190714,83.56812483,5.647202395,69.63122027,grapes
100,35,36,25.31042337,72.01364411,6.346715209,190.5577618,jute
63,52,52,23.34589466,69.89910886,6.9194751,126.87892574,soybean
88,35,35,27.55906475,58.45742907,6.784460602,117.9389993,coffee
30,122,197,21.37784654,92.72043743,5.573241391,106.1417017,apple
31,62,52,33.7960155,93.00754254,6.99104104,182.026807,papaya
35,64,78,17.92845928,14.27327988,7.496645259,85.37378769,chickpea
2,24,34,28.89409382,54.80750249,6.472774648,94.76322976,mango
53,48,29,14.54333657,48.07365296,6.61081456,52.52353239,mustard
44,59,78,20.67526473,19.85388984,7.599033472,84.78344008,chickpea
44,34,33,12.47971766,35.83494006,6.76818083,48.91611707,mustard
12,19,31,27.25373364,52.66319725,5.566704378,91.87312479,mango
70,36,42,21.84106875,80.72886384,6.9462098810000015,202.3838319,rice
90,33,55,29.0453199,89.27042422,4.73506797,223.80682977,tea
90,35,66,17.62701001,93.74027673,5.88610669,213.49854933,cardamom
50,33,36,29.1769211,53.8725153,6.18003078,150.18275649,soybean
120,56,100,24.81652061,82.32753644,7.37399127,161.73554506,turmeric
74,59,74,31.27750407,63.96963112,6.41623175,154.90846998,cotton
146,66,68,30.62276954,87.70647833,6.66456131,225.75836461,banana
61,34,42,21.96461561,47.96719621,7.0773577,79.43214434,mustard
58,57,47,25.00140835,55.10712963,6.78204016,55.53328173,groundnut
112,50,50,25.30800691,81.65735001,4.50926822,228.43418553,tea
131,71,69,28.93582162,83.58471512,6.52305214,189.27885469,sugarcane
38,138,204,25.11108456,83.25447587,6.325480034,73.01026829,grapes
73,58,21,19.97215954,57.68272924,6.596060648,60.65171481,maize
47,49,26,28.44458019,55.36005021,6.46314604,111.28490182,groundnut
27,73,79,19.16288268,15.83500655,7.354973451,82.69766829,chickpea
25,57,24,27.65472156,58.59986279,6.974978386,36.94255012,mothbeans
92,25,42,20.72611289,80.84155029,5.02430436,189.33333862,coffee
88,56,48,22.38154131,55.51907223,6.88961693,53.31055602,wheat
62,27,50,20.53809649,76.49111679,6.47239943,180.54710169,coffee
12,67,23,25.62896213,63.14909763,6.585020302999999,45.49683991,lentil
57,19,34,25.9048053,28.9340079,6.99283047,48.15787243,bajra
25,27,41,19.20090378,94.27659596,6.9235093710000015,108.0423555,pomegranate
95,39,29,27.35152643,55.99375012,7.13411409,148.98125249999995,coffee
62,21,70,26.95002082,83.80792626,5.62021186,229.8795445,coffee
11,14,5,11.50322938,94.8933184,6.946354724,115.56837759999998,orange
65,25,31,33.93593608,34.79543521,6.27512725,59.16472366,jowar
2,143,196,22.71271308,90.45261746,5.669489065,109.8852597,apple
39,65,23,25.43459777,69.12613376,7.685959305,41.02682925,lentil
12,63,17,18.358923,19.37703396,5.717143397,138.414764,kidneybeans
98,35,18,23.79746068,74.82913698,6.252797547999999,91.76337172,maize
49,69,82,18.31561493,15.36143547,7.26311855,81.78710463,chickpea
27,138,201,23.66682067,93.90191078,5.952367662,105.4004751,apple
86,76,54,29.3159075,80.11585705,5.926824754,90.10978128,banana
0,55,22,22.98666928,20.57940608,5.916779289,143.85849380000005,kidneybeans
5,29,44,21.02432943,93.0569505,5.578095745,104.7847006,pomegranate
73,33,25,22.70280663,63.09948417,6.23495443,110.79446903,wheat
146,78,40,32.98482584,77.37396323,7.18030835,225.43884267,sugarcane
41,62,15,29.38400259,64.14928485,7.358974541,65.24194361,blackgram
70,68,45,33.83508569,92.85470152,6.991626158,203.4044028,papaya
23,7,34,26.1055118,91.52421214,5.852038202,134.1279669,coconut
72,42,43,28.36368392,54.4558357,6.30714372,139.73860498,soybean
72,41,36,26.50838667,86.84264005,6.065898282999999,152.9801697,jute
118,33,30,24.13179691,67.22512329,6.362607851,173.32283859999995,coffee
34,73,15,20.97195263,63.83179889,7.630424082999999,53.10207889,lentil
42,54,39,24.78292449,55.0976233,7.06014819,89.59896276,groundnut
120,64,91,30.48732069,76.37046132,6.76056623,131.86155127,turmeric
101,25,52,29.09910406,94.22237826,6.750145572,22.52497327,muskmelon
64,38,110,26.14139639,93.80956128,5.0441262,253.30429811,coconut
105,57,91,26.52896855,85.52888736,7.26353133,244.65584241,banana
89,28,60,29.13808771,94.46969513,5.82889728,251.02484833,coconut
62,38,39,34.61277692,35.54006033,7.73431426,115.23846276,jowar
13,126,204,23.1094265,92.79630809,6.3831802710000005,108.183792,apple
22,18,31,30.764551500000003,47.93791463,5.956027059,90.38503469,mango
72,38,50,26.28002089,93.76615097,5.43008619,160.24392791,cardamom
65,54,39,23.75091572,71.14782585,7.124571593,160.0889553,jute
64,38,54,21.86388367,93.65109234,5.62523647,232.44157117,tea
60,42,31,10.41774102,40.21975131,7.50049111,26.89535319,mustard
76,44,17,20.41683147,62.55424820000001,5.855442401,65.27798457,maize
76,34,48,15.7744598,56.18672813,7.10103619,85.94364122,wheat
75,26,41,19.16207916,78.61054133,5.35299295,291.63958785,cardamom
60,31,56,24.8587113,84.13096438,5.73762577,209.96269919,coffee
71,46,40,20.2801937,82.1235421,7.236705436,191.9535738,rice
67,47,44,26.73072391,81.78596776,7.868474653,280.4044392,rice
55,77,22,31.4345059,62.99303471,7.76061831,64.77651469,blackgram
18,74,15,24.9035819,22.27512704,5.70836603,146.4727237,kidneybeans
153,49,81,33.98795522,65.03839685,6.80566359,172.47732765,sugarcane
27,60,17,26.41768321,63.64698302,7.026795358999999,64.42177127,blackgram
82,46,41,23.325013100000003,79.79609448,6.581693772,187.3096148,jute
86,36,41,20.89836862,53.61477688,6.32193959,92.47496166,wheat
64,38,16,32.85385728,29.09795894,6.57730006,39.91366874,bajra
85,38,38,10.18591403,54.58060327,6.07287613,75.95099408,mustard
62,39,55,28.58456949,83.39859493,5.31219639,151.08646859,tea
104,47,18,23.9656349,76.97696717,7.633437412,90.75616738,cotton
39,65,53,35.33294932,92.11508608,6.560743092999999,235.6133585,papaya
99,50,15,18.14710054,71.09445342,5.573286437,88.07753741,maize
28,10,30,29.8690834,91.14723422,6.305740522000001,192.7678575,coconut
56,25,34,27.76638002,32.26857591,7.52667502,98.48156213,jowar
178,77,55,28.04599968,77.12227422,6.39211613,231.02426814,sugarcane
14,5,36,24.92639065,85.19098079,5.832525853,104.7693804,pomegranate
100,48,16,25.71895816,67.22190688,5.54990242,74.51490791,maize
87,40,61,28.87740094,77.56663271,7.093729,205.43872654,turmeric
12,129,205,22.36238282,91.15761594,6.119432215,118.68327250000002,apple
19,120,195,18.73932187,81.12109244,5.931538447,73.55807954,grapes
49,57,33,24.14511703,62.45942218,7.39439597,102.47563892,groundnut
46,25,29,13.64071031,40.07166664,6.87344628,40.58148024,mustard
94,45,72,15.12858611,89.59872994,5.44495576,214.62199684,cardamom
28,27,34,32.45465292,50.69693751,6.526654345,95.04871605,mango
88,47,89,29.85605805,94.59313585,5.694162,147.8123559,coconut
114,36,75,31.97218183,67.44572373,5.63530279,108.84279222,turmeric
91,36,37,17.68174522,57.04434744,7.24567662,76.7214787,wheat
108,24,31,24.12832546,56.18107663,6.431899747999999,147.27578180000003,coffee
2,67,18,34.51934775,47.52980027,5.921666758,129.0064612,pigeonpeas
40,62,45,23.2272576,66.26882567,6.39554589,99.05557902,groundnut
135,38,66,31.71074131,54.31217408,5.83793146,179.72194372,cotton
0,17,42,23.20242586,91.19442671,6.8598408210000015,109.0946323,pomegranate
82,49,31,23.59704723,42.24569989,6.67362894,101.84568801,wheat
113,15,29,27.09617155,63.55324262,6.779230041,190.2440566,coffee
60,25,63,26.27383869,78.16405992,5.21298138,191.42177617,cardamom
115,9,52,29.06785065,90.97685539,6.019372459,29.1194739,muskmelon
151,56,116,27.47745675,79.60458715,6.0706448,236.22283405,banana
70,42,43,23.16814977,76.66724969,6.508342839,157.1215052,jute
1,124,199,23.71059131,93.27392415,5.658473817000001,112.66765890000002,apple
5,126,197,12.80000387,81.20876367,6.417500829,67.10439401,grapes
94,45,40,18.39736978,63.02624961,5.09571378,223.92454852,coffee
119,64,73,24.8018585,76.25170317,6.97684502,156.00340302,sugarcane
115,48,110,31.9191787,88.93392323,5.09895262,255.82351093,coconut
60,42,38,18.2440305,50.48876639,7.43067518,63.12300121,wheat
75,52,98,21.5230939,69.68930686,7.38033089,195.61149584,turmeric
11,71,17,19.9191786,21.47324158,5.74644777,82.68554379,kidneybeans
86,27,40,21.50552981,87.37691389,5.82412271,120.71785128,coffee
167,70,80,30.42848686,89.26171367,6.35954174,262.72338487,sugarcane
103,57,114,26.73338173,84.64612139,5.55100585,143.08846463,banana
23,48,31,27.19348428,49.3302513,7.32854599,91.80426535,groundnut
65,24,42,25.35886406,40.47809212,6.55210632,110.84908849,jowar
90,15,52,27.04927452,91.3821731,6.448061578,23.65747461,muskmelon
14,128,205,22.60800988,94.58900601,6.226289556,116.0396587,apple
90,92,55,27.00932084,80.18546798,6.13465588,97.32531705,banana
85,52,120,26.84631423,76.05669055,6.4769923,117.43602159,banana
135,75,55,34.36479826,66.07136977,7.65256554,226.49701256,sugarcane
65,38,42,24.30912899,44.41736495,6.54287945,94.95319484,mustard
89,11,47,29.78714005,94.65343534,6.327822962000001,27.8659442,muskmelon
24,140,205,12.087022,83.59398734,5.93202852,68.66813363,grapes
69,58,32,23.39031278,49.10744909,6.07705908,60.85954254,wheat
81,59,39,18.57528701,61.96498416,7.48214089,95.86672087,wheat
111,74,77,29.29174828,84.67771097,6.9130887,145.95978153,sugarcane
31,144,202,11.02105378,80.55557235,5.870600622,68.23963161,grapes
40,45,35,20.49071724,37.91912651,6.80438594,60.00512023,mustard
44,46,23,28.61772129,62.28544752,7.42590318,69.38706703,groundnut
24,63,19,19.3479443,55.96805489,4.681576043,194.5921148,pigeonpeas
48,45,34,27.48182618,52.0789794,5.84538743,103.24371935,jowar
69,55,38,22.70883798,82.63941394,5.70080568,271.3248604,rice
21,23,42,19.54128063,90.29751796,6.902751061,104.3739878,pomegranate
37,24,13,19.14381903,90.71037456,7.8546243,108.0230792,orange
39,60,15,35.09357419,30.98685456,5.004074623999999,116.9106908,pigeonpeas
119,9,50,26.74550678,83.9195902,6.251286661,40.794305,watermelon
27,56,20,29.2114218,87.11497805,6.41874299,51.53848218,mungbean
133,50,25,25.72180042,81.19666206,7.569454601,99.93100821,cotton
76,32,33,34.94216677,37.02388404,7.76095532,81.66787106,jowar
69,23,38,15.75528313,36.11303787,7.80202512,84.88488344,mustard
98,42,53,21.82323593,86.44359676,5.28221226,165.39715408,tea
143,73,71,34.54429272,80.74436477,6.43508853,165.74655575,sugarcane
80,43,27,22.20068148,38.62225856,6.15729534,70.74423476,mustard
32,37,16,33.58679536,52.03789646,6.5174303,93.49059373,bajra
29,38,26,30.04422554,64.31826261,6.84108865,147.68103012,groundnut
30,19,39,30.92346718,44.55335277,7.12523099,65.60283562,bajra
22,16,27,29.1797902,90.27214288,6.006784979,188.9252083,coconut
53,48,29,23.52755671,57.72286992,7.42111842,129.95415827,soybean
120,59,58,23.47586088,87.29876279,7.23467969,196.93136977,turmeric
96,31,118,30.61980836,91.00485309,5.95692859,129.89745798,coconut
71,60,22,26.07470121,59.37147589,6.2048017,85.75692395,maize
84,18,46,27.08808014,93.42402083,6.781050372999999,25.32159689,muskmelon
100,56,57,32.2821231,70.78264566,6.20547497,168.02261422,sugarcane
27,145,205,9.467960445,82.29335466,5.800242694,66.02765219,grapes
94,32,40,27.24597508,52.81754578,7.11806546,97.28768007,soybean
12,20,10,24.45132792,93.10527686,6.528354932,109.4711098,orange
64,34,31,19.01896798,64.86695161,6.23893725,72.0191801,wheat
49,45,30,29.5192115,57.01254368,7.05134475,85.956641,jowar
84,32,52,20.77673825,82.82989637,6.46895219,196.38065803,cardamom
86,23,54,28.13924172,75.68162726,5.69162177,165.08621255,tea
79,29,42,33.86116514,44.6002652,5.80605947,104.37840269,jowar
137,78,49,30.12725594,88.10244905,7.96149228,148.43088668,sugarcane
11,36,31,27.92063282,51.77965917,6.47544932,100.2585673,mango
87,6,45,29.82729394,90.79007335,6.40077205,22.84203589,muskmelon
32,71,85,20.62767492,14.44008871,6.4039823160000005,92.06630306,chickpea
137,42,71,34.62171711,85.25124031,6.34137423,118.76310222,banana
71,42,43,34.27906563,62.67408853,6.39037076,133.26087947,cotton
90,53,72,29.84265293,59.77264891,7.53784888,92.36295638,cotton
105,30,50,25.29954705,81.77527562,6.37620108,57.04147057,watermelon
53,50,59,27.7506743,72.01709031,6.66042898,288.46938323,cardamom
31,78,76,17.57212145,14.99927489,8.519975748,89.31050665,chickpea
77,52,41,23.89069041,83.46409075,6.097294061,167.72306319999996,jute
125,39,21,25.03149561,82.21276599,7.954629324,95.0191318,cotton
26,51,25,28.76488954,52.62741529,7.792508067999999,55.21606732,mothbeans
3,134,199,20.28370163,81.32235739,5.81717753,71.06611222,grapes
50,26,94,26.62194217,74.86464108,7.27723647,330.64389002,coconut
82,24,33,26.53543168,67.09608099,6.809593554,120.6494434,coffee
98,8,51,26.1793464,86.52258079,6.25933595,49.43050977,watermelon
35,63,36,31.65618808,47.88696771,6.04303651,72.75125505,groundnut
26,67,24,36.97794384,37.73992903,5.642813116,161.48129630000005,pigeonpeas
74,42,29,22.45332934,70.80335489,6.98147993,176.81707542,soybean
0,21,32,35.89855625,54.25964196,6.430139436,92.19721736,mango
49,71,76,19.71098332,17.63879418,6.613072145,85.57925437,chickpea
57,56,78,17.34150229,18.75626255,8.861479668,67.9545435,chickpea
97,27,115,27.66375893,83.41060704,5.27596369,296.22071217,coconut
17,64,17,21.02213209,24.93896255,5.662699104,124.6118471,kidneybeans
120,41,31,23.83397392,52.30619913,6.55083119,83.79296192,wheat
45,33,40,10.1697153,55.18787569,7.37349623,66.45288267,mustard
113,63,105,30.97316337,75.41823135,6.53722875,195.82320154,banana
71,61,75,28.7347844,78.82091064,6.24115539,163.70075469,turmeric
113,28,78,21.7708933,80.36608201,6.22534448,206.89373241,tea
96,39,97,22.69119795,75.54132803,6.26997722,123.07519366,turmeric
14,21,35,29.52501367,91.91185319,6.121005506,194.3100272,coconut
114,48,115,29.38555164,92.10676944,6.6687053,145.9503278,banana
35,138,200,21.19909519,90.80819418,5.67130617,103.6838922,apple
70,38,35,24.39736241,79.26861738,7.014063944,164.2697011,jute
115,17,55,27.57826922,94.11878202,6.776533055,28.08253201,muskmelon
52,63,19,29.58949031,68.32176769,6.928898659,67.53021213,blackgram
89,30,58,26.12882302,85.89189027,5.05465094,241.28105771,coffee
82,41,48,31.86575483,34.47117379,5.52651045,83.5797882,jowar
28,74,81,18.01272266,18.30968112,8.753795334,81.98568791,chickpea
84,43,73,22.80978341,79.02648938,5.79095844,176.13218334,cardamom
38,120,197,17.5438296,82.94703302,6.323722572,73.77063744,grapes
36,67,25,35.95176642,36.52780776,6.418062652000001,136.0456753,pigeonpeas
68,38,53,21.64121147,86.4137581,5.24607634,194.91486736,cardamom
86,45,54,20.0344357,61.28816036,5.1681601,233.5127557,coffee
34,6,30,27.0828252,97.00155491,5.948342571,171.7575545,coconut
4,19,43,18.07132963,93.14554876,5.7794274020000005,106.3602023,pomegranate
58,55,47,26.05375792,93.69111672,6.7424900270000006,240.6863901,papaya
125,48,59,24.72664569,66.00512689,6.14229153,149.88905432,turmeric
17,58,20,28.06642822,85.91625451,6.42937879,39.23831035,mungbean
77,22,46,26.32440757,70.01334921,5.34015676,282.21202609,cardamom
81,40,44,29.36201293,51.18740137,6.93366694,161.40957089,cotton
113,38,20,22.10718988,78.58320116,6.364729934,74.94136567,cotton
49,55,51,24.87212063,93.90560147,6.676578778,135.16945249999998,papaya
79,44,65,31.50915469,70.245607,5.79480321,184.07631652,turmeric
62,41,49,28.8336387,62.96666158,7.17385077,87.96271354,soybean
85,36,64,26.32024368,71.30499117,5.15827811,210.05316355,coffee
16,56,17,33.80020039,40.03262418,7.445444882999999,176.6165894,pigeonpeas
70,50,53,37.4620912,90.44967809,6.933809742999999,172.3458448,papaya
50,27,20,32.31320343,55.69779038,6.5300549,64.89150783,jowar
107,38,29,26.65069302,57.56695719,6.35118177,145.105065,coffee
157,70,61,30.31280112,70.68626533,6.69435772,175.09556807,sugarcane
97,41,57,20.68365808,72.77185822,6.35496925,230.08386839,cardamom
53,39,18,33.19345128,53.80879681,6.80425,85.80681068,bajra
81,30,51,21.26612187,93.60542635,5.63519086,222.48247345,cardamom
71,26,24,23.46750639,45.2261511,7.92084816,37.34451935,mustard
79,26,43,24.53241796,39.65556088,6.5892853,101.03819456,jowar
106,37,89,31.55415335,84.49575323,6.23433779,165.52326422,coconut
169,41,50,34.56193384,82.90162118,6.6347746,247.20722595,sugarcane
110,40,75,29.93805439,74.47816792,5.95353011,258.57248116,tea
73,38,52,18.82275931,73.92275417,5.69688874,262.84898577,tea
85,44,36,30.11111029,72.56206503,7.29881865,167.04772214,soybean
6,69,19,26.88630675,41.69617915,4.7509292180000005,94.46748008,pigeonpeas
101,61,54,23.69585638,58.94392001,6.58319456,146.67430878,cotton
104,61,48,27.15261639,69.97941999,6.15422119,131.38822794,sugarcane
120,7,47,24.24782473,83.03687902,6.653867608,54.76576239999999,watermelon
114,40,17,24.32630461,80.13456404,6.363406102000001,69.45072055,cotton
106,65,86,33.71271024,93.51504207,7.00431938,156.01927455,banana
14,18,35,31.09154239,47.02058367,4.791146778,91.46664318,mango
71,23,54,19.77301661,80.1820774,5.64798832,185.59796275,tea
80,18,52,27.87317436,91.14849627,6.484799661,24.05207925,muskmelon
77,38,69,28.35240723,75.75158745,5.23180501,247.45198933,tea
75,41,35,24.97042599,78.62697699,6.856833064,166.6415254,jute
80,43,16,23.55882094,71.59351368,6.657964753,66.71995467,maize
130,73,83,25.21719528,78.39497253,6.70311642,149.78403052,sugarcane
137,49,80,31.39021678,62.18021463,6.40556798,86.12479629,cotton
37,135,205,11.82768186,80.2827185,5.510924848999999,74.10225057,grapes
60,16,23,33.67509025,40.6919534,7.28143501,66.41531599,bajra
120,58,40,32.30354758,57.16664853,7.02914091,166.47631044,cotton
85,28,33,16.02019119,55.69008618,7.08120963,61.30284344,mustard
99,29,77,22.33688576,74.807969,5.10559693,133.84555701,coffee
39,61,28,24.46390836,57.42755876,6.13726615,132.54146623,groundnut
41,35,18,35.87687307,45.79067877,8.11178005,84.45047409,bajra
99,32,27,31.32536437,50.84387284,7.48903386,90.68823705,soybean
138,44,37,29.38693359,57.77981822,7.29397198,153.31221506,cotton
36,11,13,17.34083741,93.04897191,7.1917274,112.7194284,orange
136,62,40,33.5923441,75.04614801,7.66908388,295.24799381,sugarcane
90,42,43,20.87974371,82.00274423,6.502985292000001,202.9355362,rice
33,143,204,21.1316077,91.95769858,5.814434775,122.5391946,apple
115,51,77,30.63968956,70.11478335,6.32809313,297.49427953,sugarcane
87,56,79,29.5065212,83.89461683,6.9879888,102.3964468,banana
118,21,51,24.42998931,86.33904774,6.678805092,48.58241822,watermelon
90,27,72,31.19591845,76.70130721,6.75010632,337.87511385,coconut
90,53,29,19.33164266,45.92805844,7.25163674,75.61615919,wheat
119,43,87,33.0324227,81.99402368,6.90895107,136.64146672,banana
76,56,39,24.39459498,89.89106506,6.551130445,197.1220049,jute
153,51,72,32.36519917,72.1592189,6.38050314,132.36606839,banana
30,63,16,23.60506572,21.90539577,5.5259045260000015,100.5978728,kidneybeans
57,57,53,26.05209885,74.11457781,7.06389504,156.09712756,soybean
92,85,51,29.22118628,81.08183635,5.740764682000001,108.8616474,banana
105,61,76,27.63229509,73.65318854,6.55043564,112.75724465,turmeric
120,20,34,23.56960509,50.56339727,6.906124587000001,130.3797119,coffee
22,67,22,29.03017561,64.49166566,7.475926645,54.93937710000001,lentil
27,8,32,27.00648436,96.46168931,5.627860548999998,144.3331315,coconut
54,21,31,25.62168047,40.74987823,6.58593879,74.22672191,bajra
28,123,198,23.46260321,91.45665004,5.682751473,111.7763395,apple
130,60,42,24.26032992,86.975354,6.25856743,140.62812594,sugarcane
37,62,22,24.02037872,61.62313345,7.397546271,49.78102578,lentil
10,136,204,21.19852186,92.15595143,6.276198595,105.8554351,apple
92,38,48,27.7748875,69.80681587,6.41711929,216.89166881,coffee
18,30,29,26.762749300000007,92.86056895,6.4200187170000005,224.5903664,coconut
67,47,41,27.99874953,80.05915081,4.64654805,187.26583508,tea
11,78,22,23.89756791,22.74378977,5.940546818,112.6616435,kidneybeans
90,43,47,18.99216464,85.53150522,6.03945877,248.3413332,cardamom
94,62,78,29.66679329,54.39859791,6.55369535,75.59640144,cotton
30,19,26,34.86809827,35.08927126,7.10027223,45.70201056,bajra
69,50,37,19.03069508,44.98145865,7.6958395,44.86077787,mustard
94,42,81,26.37375855,65.08488106,6.17136547,114.80097615,turmeric
32,55,52,37.58899717,91.99740365,6.967759599999999,159.6577388,papaya
27,44,39,31.45167174,45.83894825,7.25808463,58.60395637,groundnut
81,56,91,32.05797171,94.43581095,6.83209061,156.37345205,banana
68,36,30,33.55243477,25.99923344,6.1589983,33.52319814,bajra
1,67,21,27.52135365,60.53657684,6.551577598,48.06491307,lentil
50,33,28,34.19276951,28.32248547,6.50522983,78.32268204,bajra
59,31,35,29.64507002,38.20892074,6.00134579,31.11890821,bajra
32,41,16,28.63618921,61.39451307,7.702287236,68.54877876,mothbeans
29,35,28,28.347161100000005,53.53903102,6.9674177660000005,90.40260445,mango
16,139,203,17.82803682,80.96093443,6.27564088,65.84748763,grapes
108,53,67,27.84009237,77.18180816,6.5904889,133.29823655,sugarcane
97,40,77,26.19479471,94.9784448,6.69235539,117.26624524,banana
79,43,39,21.66628296,80.70960551,7.062779015,210.8142087,rice
55,34,50,24.11153398,77.08875515,5.71307823,230.48012909,cardamom
56,79,15,29.48439992,63.19915325,7.454532137,71.89090748,blackgram
34,47,19,27.31372793,85.44815232,6.568795403999999,53.15223123,mungbean
139,54,44,34.75654101,45.66943096,7.64181776,171.91497039,cotton
31,18,18,34.88902775,30.05737963,7.6312925,55.84016467,bajra
132,53,59,26.41937451,83.90562618,7.8095705,289.68372006,sugarcane
23,70,15,34.600824700000004,63.11296779,7.403623355,60.41790253,blackgram
109,12,48,29.45771748,92.12534736,6.708743843,20.76212031,muskmelon
63,49,38,34.25122651,30.4582025,7.44324156,75.64258958,jowar
96,39,62,15.79390047,74.22300429,5.89643467,194.4598289,cardamom
54,61,23,29.19666203,53.71355445,6.67650306,53.3085446,groundnut
36,67,20,20.39078312,60.47528931,6.924042372000001,53.31508572,lentil
37,79,19,27.54384835,69.3478631,7.143942758,69.40878198,blackgram
40,21,8,34.90665289,92.87820148,7.418761774,102.1906333,orange
81,45,35,26.52872817,80.12267476,6.158376967000001,218.9163567,rice
95,47,43,29.62865961,48.76859529,5.78603302,120.06089599,cotton
55,23,69,15.17338889,93.7001398,6.3078446,212.38936975,cardamom
131,44,45,29.67310732,63.8049646,6.30734246,161.35579579,cotton
25,60,27,28.28181247,57.77104617,7.33748859,97.08324376,groundnut
80,18,51,28.05380704,91.81758779,6.706053225,20.76582087,muskmelon
93,33,77,23.93535414,87.72448084,6.17413244,247.35823388,tea
117,37,32,23.1069385,67.06230539,6.787658922,162.57696059999995,coffee
21,63,22,25.09737391,67.72837887,6.859409487000001,74.61649888,blackgram
75,43,21,34.07780134,44.40437116,5.50538767,99.04961739,jowar
78,32,36,28.09661824,50.35316209,6.12737209,87.68636569,soybean
134,57,84,25.40430505,73.83014964,7.68165886,142.87744841,sugarcane
113,38,25,22.00085141,79.47270984,7.388265887999999,90.42224164,cotton
42,60,47,33.46873719,92.12746225,6.834808347999999,136.8277041,papaya
90,61,68,26.66307596,85.91731941,6.33901785,221.42342288,banana
75,47,58,19.94542365,89.18096778,5.70336543,232.60510238,cardamom
69,43,91,26.06450191,83.39065947,7.12718298,222.13571686,coconut
18,19,27,27.75518664,52.34605806,4.772385986000001,94.11213345,mango
26,61,20,28.40527027,60.20783275,6.12932251,91.66960009,groundnut
126,42,107,30.05025116,84.10288732,6.91403515,108.88570921,banana
108,53,75,24.20988754,76.46434098,6.71059249,138.33327332,banana
112,45,93,26.2145007,89.44045627,6.5029172,173.33867392,turmeric
0,65,15,23.46168338,23.22197648,5.645435626,95.84253438,kidneybeans
26,35,31,33.44619894,53.05980465,5.339556562,98.05089394,mango
81,41,84,24.80636448,75.23696481,7.20411653,160.90134705,banana
30,143,199,23.76881552,90.59810302,5.7983508000000015,102.2648546,apple
85,55,20,24.24296176,62.1723127,7.37063036,86.18273703,wheat
15,45,23,24.20422636,61.43378674,7.224193642,46.0203959,mothbeans
119,44,15,22.14593688,82.85975490000001,7.091992365,60.65381719,cotton
97,36,45,22.2286982,81.85872947,6.939083505,278.0791793,rice
116,25,50,29.26092798,92.92367701,6.088885814,28.70627683,muskmelon
100,31,56,26.95553046,79.39083044,5.14660544,216.8481019,cardamom
62,33,63,20.12090493,89.33748915,4.94901932,246.3053959,tea
58,30,66,15.05021768,72.70658329,6.0545632,291.85631011,cardamom
70,57,39,22.06263983,60.83241333,6.33408448,111.98268386,wheat
32,20,35,26.52166434,98.38227669,5.588655387,144.6261698,coconut
63,43,19,18.51816776,55.53128131,6.641906353,90.988051,maize
63,42,21,23.26237612,72.33125523,5.798423907999999,67.10225139,maize
82,50,73,17.01557438,87.07556787,6.28322588,168.01791823,cardamom
105,39,84,18.87462831,75.78817331,5.77484118,214.96455916,tea
90,28,66,15.19969863,93.85886691,6.78728187,178.22914478,cardamom
120,29,88,29.24568712,83.92048957,5.80351329,227.34065766,tea
17,11,32,28.74013335,93.39676499,5.620733794,156.76508230000005,coconut
90,39,43,24.44743944,82.286484,6.7693455,190.9684885,jute
82,27,49,34.57321807,34.56261198,5.81065494,56.15731875,jowar
51,64,49,25.25432623,61.08504485,6.03668843,120.44479117,groundnut
22,56,17,29.87888063,87.32761241,6.89077995,44.75215854,mungbean
130,62,62,31.11748665,81.44267854,6.36538269,230.06497614,banana
66,53,41,25.0756354,80.52389148,7.778915154,257.0038865,rice
37,49,25,29.914544300000006,85.85384444,6.415459592,41.39081525,mungbean
80,28,39,31.72449823,36.15625462,6.06759551,31.51333499,bajra
73,40,101,25.53171687,78.73685132,6.07763015,292.23094125,coconut
108,39,72,28.26259192,88.57864745,7.22940911,298.76775148,coconut
94,50,19,23.30355338,73.62548442,5.873242491,97.59081274,maize
33,12,8,25.26052689,90.31153735,6.822282114,117.36952959999998,orange
17,64,16,30.97758716,32.24914235,7.161797643,180.716828,pigeonpeas
37,72,18,18.87614998,24.54038287,5.724242065,105.4120514,kidneybeans
176,63,67,24.7975377,77.912424,7.3954157,185.12458563,sugarcane
95,21,47,27.93114233,93.56161439,6.431970877,20.66127836,muskmelon
28,66,23,21.53989176,24.25386207,5.99616119,120.6913038,kidneybeans
53,34,34,23.51803911,57.56085412,7.96534812,65.2131122,mustard
47,33,39,28.53629462,52.48521907,7.49432307,66.53925965,groundnut
99,70,46,26.59580783,82.99556744,5.727469947,100.5123341,banana
13,67,18,30.5753044,34.75591197,5.384762927000001,177.5764304,pigeonpeas
48,62,15,25.36586097,66.6379724,7.538631462000001,65.81655892,blackgram
167,53,79,32.24432356,70.29239746,7.48842073,198.21055133,sugarcane
22,9,44,24.72235539,88.87651295,5.744361602000001,112.1926517,pomegranate
31,42,45,31.22011018,64.54810747,7.49022535,104.61741636,groundnut
72,28,98,29.73208409,78.64911063,7.07649508,278.32500894,coconut
139,35,15,25.248679,83.4630147,5.898293044,86.55517751,cotton
110,15,48,28.57819995,92.86597437,6.2125672110000005,27.598717800000006,muskmelon
15,125,199,18.426993600000007,80.55625868,5.569230319,69.75734306,grapes
78,34,38,22.86603604,54.74762458,6.87867009,120.85828789,soybean
123,50,16,23.04920461,75.53835214,6.498052108,70.65644296,cotton
69,22,61,20.25203011,72.89033531,5.78358987,200.34239229,tea
78,23,36,32.59416974,32.07964753,7.51616852,40.48813967,jowar
3,9,35,26.91641934,99.84671638,6.318552972999999,225.6323656,coconut
35,134,204,9.949929082,82.55138983,5.841138354,66.00817551,grapes
26,34,49,29.11067197,54.13487151,6.93389909,120.76401988,groundnut
66,31,58,18.73515774,89.74896373,4.93226413,223.11740053,tea
40,58,15,29.46416042,87.60890009,6.978400282000001,43.15411472,mungbean
87,28,45,12.26499012,59.12947309,7.92365971,30.31586941,mustard
109,48,77,28.23111938,70.9097284,6.57354938,102.73336939,turmeric
122,45,106,28.81100513,85.67577259,5.85644192,231.64466923,banana
104,29,77,22.86434983,65.1335808,5.7552073,179.02424348,coffee
80,23,41,18.78449258,74.16063719,4.57409168,210.31864027,tea
113,76,47,28.82088722,74.17313359,6.71507681,152.90285981,sugarcane
86,45,75,34.54106164,48.07456244,7.42972784,104.30246867,cotton
41,69,82,20.02381489,16.63294455,6.715587232000001,68.97806542,chickpea
130,51,61,22.53806601,59.65606967,7.9396199,138.35730513,cotton
54,33,24,22.40033806,49.7926042,7.17808635,119.64265261,groundnut
72,37,32,28.55092567,45.74820507,5.97439211,85.23291422,jowar
75,20,112,32.68325625,77.84369176,5.20658109,274.55616109,coconut
97,46,23,23.06508293,56.54644113,6.55454235,59.21572225,wheat
86,33,76,21.56085261,65.40161225,5.12238241,120.538693,coffee
72,23,16,25.33205517,27.27636089,7.84859544,63.74407442,bajra
39,129,203,34.38922481,83.18392806,5.863996687,71.03001556,grapes
81,63,65,29.6445478,66.89050553,6.3276112,204.30169916,turmeric
117,50,94,29.1638389,70.62442957,6.70241443,189.01088227,turmeric
88,47,92,31.35480529,77.13609551,6.92255558,128.89330149,coconut
0,25,14,19.33516809,91.97978938,6.361671475,116.450422,orange
73,24,27,29.85302144,49.33737947,7.70739734,85.44822401,jowar
52,31,64,22.01034812,71.07180821,5.33665443,234.87730366,cardamom
28,27,32,28.94099669,93.00109012,5.764615485,191.7723087,coconut
57,24,68,25.39406542,77.99527491,6.04053836,221.43945445,cardamom
66,37,43,20.02275045,58.62203106,6.75517208,96.31328019,soybean
77,33,25,25.3356041,42.62661673,5.92437237,32.51659493,bajra
86,59,35,25.78720567,82.11124033,6.946636369,243.5120414,rice
89,52,45,24.89326318,77.01222585,7.207457207999999,196.469984,jute
63,26,80,23.43977171,78.97447529,5.5300227,185.57381596,coffee
72,47,94,25.28036204,85.01795283,7.27273383,143.94141537,turmeric
64,33,105,33.25693173,81.35244948,5.87844485,295.0465934,coconut
4,80,16,29.19585548,68.01965728,7.441976825,44.93261911,lentil
13,132,203,23.60115364,82.48336987,6.423216506,73.23901752,grapes
85,40,52,25.18244075,72.56809178,6.49028194,175.84274071,turmeric
130,61,55,33.83168557,68.81952438,5.69155088,143.41878367,cotton
24,38,28,28.83334892,46.02896764,6.27523051,126.77003955,groundnut
54,23,78,25.60671583,78.49978631,5.62288632,230.3958052,coffee
74,27,44,16.87315028,43.61454593,6.70353321,88.92832104,mustard
77,29,15,29.28933645,44.26208154,5.7283829,84.81721838,bajra
5,32,33,32.32362177,52.58967710000001,5.842763773,93.36718816,mango
37,70,25,19.73136909,24.89487354,5.819403771,84.06354115,kidneybeans
91,20,59,18.21208322,91.89275267,5.81382977,256.61840485,cardamom
137,44,56,30.92536005,67.46515878,7.73058631,112.23193665,cotton
82,61,69,20.36009177,66.16998134,6.83429312,213.20302647,turmeric
83,23,55,26.89750174,83.89241484,6.463271076,43.97193745,watermelon
39,28,10,31.34920143,91.48247612,7.181907673,109.1549823,orange
39,17,45,18.09691127,90.42177379,6.9244907310000015,104.88188999999998,pomegranate
37,124,195,18.70679077,83.4795292,6.209928251,66.5964488,grapes
45,43,21,10.94729309,43.98850347,6.97695236,51.14624582,mustard
61,53,43,26.40323239,81.05635517,6.349606327,223.3671883,rice
91,45,57,28.84767281,75.18449667,5.51307326,246.2202789,tea
23,48,29,23.55619437,58.75322953,7.27325927,123.98771838,groundnut
99,31,41,19.84520347,65.67095174,5.23013071,247.82102418,coffee
90,27,42,21.46595294,82.243205,5.54509408,151.75930507,coffee
21,48,31,22.77538936,49.44871874,6.48118547,123.83315836,groundnut
28,75,21,24.7741949,50.54621094,6.007508163,114.2821387,pigeonpeas
115,62,69,23.71843051,89.63248443,7.0107852,100.54773552,turmeric
126,38,23,25.36243778,83.63276077,6.176716425,88.43618918,cotton
82,44,52,24.49559034,68.09043224,6.10904942,122.68189667,turmeric
93,30,44,31.06204103,52.0832835,6.87781691,99.39495728,soybean
55,42,48,26.37555776,45.4344526,6.01900982,67.5266922,groundnut
33,134,205,21.0365275,94.33919546,6.08551916,114.7412734,apple
99,45,59,25.57682523,83.03672034,6.08198672,231.58909877,coffee
28,58,25,27.4818649,62.04814951,6.861640036,37.81123974,lentil
3,49,18,27.91095209,64.70930606,3.692863601,32.67891866,mothbeans
60,44,23,24.7947077,70.04556743,5.722579819,76.72860067,maize
81,18,50,26.44019475,80.91934337,6.507110986,47.81847573,watermelon
41,27,33,17.44200158,49.10233365,7.76864932,81.54116036,mustard
87,23,28,26.22367404,62.26594559,6.979590627,193.7461968,coffee
4,40,26,27.58258929,48.56916221,6.720041791,95.8445641,mango
114,28,52,21.86191094,70.27938217,5.56161741,218.13338281,tea
53,55,55,33.32315744,91.25271223,6.709668804,234.496633,papaya
65,50,49,18.66181324,80.518993,5.75366603,299.41666184,cardamom
3,58,21,25.36140526,46.82652785,9.160691747,55.60523179,mothbeans
85,35,50,25.58522865,58.69625941,6.46214847,174.95493792,soybean
73,45,37,23.70467146,74.63745355,6.742688094,181.2783964,jute
22,26,38,22.92052307,85.12912161,6.988035315,110.2437841,pomegranate
67,21,104,26.50580036,92.38228207,5.08839073,304.03672423,coconut
8,45,15,28.09568993,60.98353839999999,4.61136408,33.84110759,mothbeans
33,14,35,27.14865285,96.66355213,6.027707171,149.2433497,coconut
82,59,75,25.73016481,76.25918185,5.57217262,108.05773041,turmeric
41,27,27,20.9722204,41.97077795,7.14063529,42.67443576,mustard
101,47,119,28.37454061,81.38417224,7.45031621,227.65133367,banana
27,13,6,13.36050601,91.35608208,7.335158382,111.2266885,orange
14,57,15,29.8757015,83.14796296,6.623438282,40.12044158,mungbean
102,45,86,28.1856472,77.63384,4.77442975,278.42223427,tea
40,29,42,24.63228709,89.01574455,7.104094929,110.6956184,pomegranate
87,35,71,30.12361061,71.77460746,6.73732753,205.14674177,turmeric
74,60,50,24.31481532,60.14003001,7.36258604,103.97745159,wheat
24,30,11,32.39523995,94.51768464,6.601395755,113.25373,orange
76,47,24,20.09459243,64.67928536,7.11093757,60.07143771,wheat
82,54,49,21.08516839,50.35347151,7.39449248,87.01690023,soybean
95,38,22,19.84939404,61.24500053,5.730617109,100.7689246,maize
117,42,53,23.96281286,90.40364871,4.97350852,255.8816212,tea
150,47,107,31.89953939,81.86739694,5.98643172,163.90732892,banana
112,87,48,27.19711623,77.39706290000002,6.200111067999999,99.46950465,banana
36,62,29,28.81314131,51.96462412,6.6487358,68.42346577,groundnut
40,20,23,31.05785807,38.91096325,5.90086389,65.72405951,bajra
53,65,76,20.19137759,16.41998269,8.719960893,77.33795356,chickpea
17,18,43,24.4880844,90.83687246,5.843005428,103.1969341,pomegranate
75,62,50,25.30005225,68.97866103,7.02036494,114.36759504,cotton
175,71,59,29.70359138,75.10238594,6.59844128,275.14486294,sugarcane
84,27,27,29.87262566,37.58026583,7.17226705,99.8735438,jowar
71,39,72,30.33579732,79.29300305,6.82183721,211.44286749,turmeric
70,20,35,28.35164592,28.38375088,7.9577276,49.80160999,bajra
4,24,43,22.40423537,88.1508343,7.199504273,109.8695196,pomegranate
51,33,85,26.11363757,81.23800559,5.56883485,338.39147304,coconut
70,39,75,32.51524427,65.81037756,6.87954409,137.91982561,cotton
40,17,15,21.35093384,90.9492967,7.871063004,107.0862095,orange
81,24,46,21.93201571,72.59520239,5.987639,237.48500392,tea
138,49,67,31.70519316,77.69060615,7.39784859,110.3983789,banana
51,22,26,26.83806362,39.79866519,6.58372668,49.56570126,bajra
123,41,79,25.71267027,82.81519701,6.523535,139.63276176,sugarcane
39,25,36,18.90223032,94.99897537,5.567805185,107.6103211,pomegranate
61,25,61,33.7512045,75.97229812,6.18463185,335.90101322,coconut
89,39,40,20.93978919,73.28140415,6.49920874,153.39608979,soybean
41,20,29,26.20464302,49.31104443,7.15734918,53.58125757,bajra
127,43,84,26.04230717,78.84610058,6.29193195,116.18023029,turmeric
8,28,38,23.22594,94.42971362,6.8444019,105.6917856,pomegranate
49,48,34,22.49108659,41.16189641,6.99029097,79.67312691,mustard
87,30,33,24.51249029,41.71639701,7.92136192,45.71193799,mustard
110,29,78,29.37485222,73.51225266,5.04089488,154.28357712,tea
132,74,90,31.17519094,75.95219303,7.92446284,294.18769718,sugarcane
130,67,96,28.70856679,85.57746346,6.13755547,227.06919946,banana
75,27,15,36.41356118,53.54565482,6.74558752,38.04279079,bajra
100,14,49,29.48882958,91.07574233,6.365956657999999,26.01909355,muskmelon
97,12,47,25.28784623,89.63667876,6.765094963999998,58.28697664,watermelon
52,73,79,17.25769499,18.74943955,7.840339388999999,94.00287214,chickpea
99,37,64,20.83423446,75.54805216,7.40851624,132.41304243,turmeric
29,16,36,19.81069447,88.92944254,5.7403380020000006,102.860084,pomegranate
105,37,68,26.24431524,83.72386648,6.30590476,172.84865841,coconut
83,29,104,33.50214334,84.41609851,6.99799497,246.52315281,coconut
52,60,79,19.45339934,18.23490739,8.380185271,75.6317566,chickpea
70,23,72,32.07840755,90.87711451,6.69122013,329.26668102,coconut
40,49,47,42.93368602,91.1756748,6.501521192,246.36132680000003,papaya
94,50,79,23.53952093,73.09317911,5.34470097,270.16429931,cardamom
60,38,45,13.8482117,46.01311685,7.92089705,81.41409475,mustard
9,16,39,18.41164435,91.11927248,6.101198974,105.1834976,pomegranate
145,66,119,27.40775883,70.63017706,5.93090146,172.02761206,banana
52,56,85,20.118744600000007,14.44228303,6.81712422,88.68168643,chickpea
9,35,20,27.41503453,80.98004661,6.91380932,40.53173216,mungbean
123,38,47,25.68989431,50.12261732,6.61192897,163.41260336,cotton
107,45,25,23.0865933,83.55546146,7.2277455160000015,71.84080724,cotton
97,24,53,19.1688325,86.37210719,5.49921411,209.47063761,tea
37,36,27,27.552973600000005,47.90859131,5.910634533,90.40332704,mango
78,21,53,19.81016417,78.20953954,6.05553191,191.7312175,cardamom
102,29,96,32.97801304,75.00683343,5.40334806,186.22273953,coconut
67,37,21,27.38341536,59.71636769,7.01538029,77.80931279,jowar
144,59,64,24.5812576,82.11563453,6.63824775,244.24935916,sugarcane
111,29,31,26.05968403,52.31098539,6.136286518,161.3432535,coffee
76,55,93,30.56090184,75.11342472,5.60538178,129.70174284,turmeric
131,35,18,24.49112609,82.24415809,7.0576933660000005,64.02949379,cotton
24,42,23,28.22471276,82.35916228,6.428054409,44.01206619,mungbean
119,63,65,31.79862208,79.69760073,7.34194084,217.11608974,turmeric
43,44,24,32.97934275,54.12013476,5.89810025,89.26094607,jowar
37,5,34,25.79490531,93.84150618,5.779032666,152.42387119999995,coconut
15,9,11,11.54785707,94.14861001,7.907956251,108.82891709999998,orange
102,46,22,19.56101491,42.54548665,6.50714977,62.53740317,wheat
59,69,80,19.07937684,17.86754927,8.165359297,69.40619137,chickpea
26,63,17,29.87854588,65.73085206,6.950300686,44.95654782,lentil
84,26,47,28.85639795,51.01455793,7.65899052,98.87971143,jowar
9,141,202,21.01245395,81.17931863,6.119495295,66.38448261,grapes
8,33,29,29.98080499,49.48613279,6.442393461,91.82271568,mango
134,52,18,23.9643129,76.59175937,7.994679507000001,76.13090645,cotton
21,39,20,27.06179658,52.3003173,7.388007482999999,60.74583498,mothbeans
42,61,44,30.43493686,62.02747029,7.31602221,110.61117793,groundnut
22,62,16,34.6455408,54.32342534,4.828936119,180.9009998,pigeonpeas
105,14,50,26.2148837,87.68839820000002,6.419052193,59.65590798,watermelon
72,29,96,26.19737427,74.63751525,7.29351443,254.84951139,coconut
94,53,40,20.27774362,82.89408619,5.718627177999999,241.9741949,rice
134,59,72,31.513367,60.70176811,6.36037111,65.29691153,cotton
55,59,29,28.20148225,68.76545348,6.28733417,134.39507165,soybean
113,20,48,27.46583649,94.87679041,6.440584681,27.27899847,muskmelon
84,28,67,26.10720931,78.77498198,6.75162357,236.80446225,cardamom
19,15,34,26.29644905,99.65809151,5.6858890660000005,215.9195049,coconut
56,76,16,28.27265858,61.18956161,7.5131510760000015,63.29900785,blackgram
101,87,54,29.07311132,76.50045221,6.376756632999999,100.1692639,banana
46,27,34,13.9361991,52.77891255,7.7615187,79.48532135,mustard
50,39,48,19.55075886,73.06256354,6.64652398,250.91505689,cardamom
131,56,20,22.00817088,81.83896111,7.762647875,92.23645249,cotton
16,130,201,29.12033769,82.79092939,5.682395429,68.8503047,grapes
39,69,53,25.9300384,93.02357765,6.964955435,241.8202079,papaya
79,28,66,27.49904384,77.39086915,6.15020135,169.38381033,coffee
32,70,20,20.89342749,46.24856523,6.208843215,195.5697875,pigeonpeas
7,63,24,19.55750776,64.45268309,6.818681086000002,53.04669416,lentil
94,45,49,29.54068768,57.97853657,6.02328683,146.41645319,cotton
58,61,15,30.94908189,64.23364112,7.402891666,62.78730907,blackgram
39,64,52,28.91842453,94.63676767,6.678695788,63.68794608,papaya
66,45,47,29.64133974,68.50919511,7.44056606,135.80420281,soybean
65,43,69,25.76995171,92.73899649,5.08392562,190.62236056,tea
14,76,20,29.05941162,62.10652364,7.042474679,36.5011366,lentil
87,41,41,25.67988684,47.1919514,7.83119334,84.28763216,cotton
96,86,51,29.90888522,76.98740841,6.257369799,91.99964712,banana
25,46,26,26.13411007,48.3796434,6.14756196,55.77308029,groundnut
17,43,22,30.06142622,45.90067655,5.498340807999999,41.0550915,mothbeans
112,43,61,18.72657096,88.04433091,4.60400592,260.81303435,tea
26,38,50,31.77025023,57.14844324,6.94730123,57.01442865,groundnut
72,27,36,37.55489692,32.32819383,8.35939138,42.64565795,bajra
36,59,46,34.28879307,93.61082872,6.721130542999999,127.2509777,papaya
28,35,22,29.53037621,86.73346018,7.156563094,59.87232071,mungbean
23,58,19,24.17093241,58.25204566,5.243634848999999,59.18953429,mothbeans
91,44,36,21.07582461,60.65481408,6.87577869,96.25388396,soybean
58,53,54,24.330046,66.48908151,6.87891256,147.50080239,soybean
32,57,18,15.53834801,23.75560241,5.695422862999999,107.3850593,kidneybeans
80,50,45,23.84085769,44.73306748,7.40849831,116.99862524,wheat
87,41,62,34.96305415,78.57662053,6.5910579,138.29553235,banana
36,61,21,34.53823889,39.04468913,5.617008201,168.5948318,pigeonpeas
133,47,23,24.88738107,75.62137159,6.827354668,89.76050416,cotton
76,39,38,24.28239837,43.85957885,7.9917592,28.58539351,mustard
86,28,48,19.16815638,85.88996433,6.4165712,275.35590244,cardamom
82,35,35,25.49386782,86.97061481,7.299076163,176.5268267,jute
13,121,196,22.20700989,93.50574163,6.443382913,120.1593771,apple
32,57,48,29.62185962,57.94806378,6.5173228,119.3181104,groundnut
71,32,50,22.63159942,81.80176448,6.00915405,255.09385777,cardamom
37,137,199,22.63946441,90.18451645,5.697945522,108.3405879,apple
21,9,40,24.51147697,90.64498715,5.956401828,105.6209954,pomegranate
118,21,51,21.41009595,74.89380527,5.84196006,224.31305051,tea
22,43,24,25.42517036,53.22082660000001,4.52363558,46.19374559,mothbeans
74,39,23,22.6265115,65.77472881,6.78073637,88.17251033,maize
150,55,82,32.82689423,67.78529709,6.4697842,205.30043149,sugarcane
58,25,43,26.80020506,75.18483327,5.03509271,152.65297191,coffee
138,51,67,33.36311741,46.31115192,5.88436745,157.21603146,cotton
3,56,17,28.19912143,53.50567601,8.709291687999999,52.13580529,mothbeans
80,40,92,28.25126199,71.7467022,7.23318547,156.13129512,turmeric
164,80,65,32.78034777,76.08156797,7.79542394,298.25857967,sugarcane
69,48,107,28.43192021,76.36041376,5.29024725,202.5986768,coconut
100,24,76,21.48080641,73.85438608,5.92075954,167.83486115,cardamom
68,46,41,27.78844408,88.94676617,5.21776101,269.11107387,cardamom
51,58,48,21.47004258,72.93907308,7.39550203,146.66117122,soybean
110,48,36,22.17332042,60.34163834,7.1643773,60.24741092,wheat
101,69,58,25.77788657,46.91651814,6.45024675,121.97958916,cotton
14,59,15,21.35135729,22.91244883,5.779090476,146.4548645,kidneybeans
12,58,23,21.74600081,63.39503184,6.765091462000001,50.43306085,lentil
35,30,34,28.2974764,95.41122824,6.141502001,182.4482352,coconut
37,56,25,22.05592283,19.60379304,5.774755143999999,126.7265372,kidneybeans
80,33,53,29.30025893,73.54683908,6.29867592,270.66589822,tea
162,72,41,34.73434578,81.24762915,6.03386329,166.0946737,sugarcane
20,19,35,34.17719782,50.62161586,6.113935087000001,98.00687989,mango
119,34,40,20.68977789,62.63932894,6.02313858,66.27462971,wheat
60,33,26,29.48981683,67.37692279,6.18194985,135.98800478,soybean
119,7,55,26.03867719,84.6378378,6.031424482,44.3993381,watermelon
99,16,30,23.52652084,65.44340921,6.392791654,186.1728203,coffee
53,38,33,22.08614112,66.3931164,6.87242029,97.44073751,groundnut
70,37,45,13.798788,57.33246716,7.54124643,64.22879419,mustard
49,38,25,30.7548925,40.82343197,6.48368584,73.49206484,bajra
112,32,73,25.03134748,84.17340878,5.17824157,211.70196972,tea
69,35,23,13.7722633,47.69087918,7.7685624,88.79588207,mustard
9,21,32,32.26935342,53.56092806,5.870116071,95.94035356,mango
35,27,35,31.28599093,47.37826392,8.49045202,89.98521251,bajra
75,60,37,22.76897268,73.80814135,7.01153196,134.73094099,soybean
107,12,46,29.57240298,93.61870344,6.559763394,27.56918621,muskmelon
88,40,66,18.58520921,74.04691087,6.72836003,179.61086501,cardamom
82,36,47,33.67000894,53.01460163,6.37509152,51.46458659,jowar
143,44,65,32.96846371,89.53437257,6.29119534,271.96746931,sugarcane
111,5,47,28.03306461,91.47355778,6.2744528110000015,21.17924769,muskmelon
21,63,17,25.08966129,68.17543102,6.559681838,41.45486619,lentil
116,43,64,32.35451472,63.75403152,6.72872746,141.14874885,cotton
104,54,46,33.36220275,67.27231809,6.57551403,189.64340843,sugarcane
12,142,203,31.3115978,82.56407013,5.972850837999999,65.01095312,grapes
67,28,25,14.92249803,43.40019063,7.51290623,66.51908614,mustard
5,65,19,18.28072173,68.10365387,6.978361689,48.80253285,lentil
55,27,59,20.67365246,91.8639565,5.01668406,208.88748019,cardamom
34,54,24,31.2119298,41.55934359,5.026003659,68.80141783,mothbeans
36,67,77,18.36952567,19.56381041,7.152811172000001,79.26357665,chickpea
0,23,15,22.56664172,93.37488907,7.598729065,109.8585753,orange
67,43,38,25.21622704,70.88259632,7.299304715,195.8645552,jute
31,25,38,24.96273236,92.40501423,6.4973666770000005,109.4169192,pomegranate
6,48,24,28.6362812,84.61431076,6.790736339,48.48319335,mungbean
76,27,78,20.88783487,84.31831966,5.37616032,156.47972097,cardamom
136,36,24,22.74446976,80.41198458,7.59781958,90.07326633,cotton
67,51,24,23.50297882,61.32026065,5.584171461,64.77791424,maize
92,36,91,30.06260464,81.35860154,7.30187011,331.07930161,coconut
58,30,75,25.46591206,89.60588035,6.23622432,162.96634992,coffee
32,43,22,27.85283823,52.16065531,7.00019858,74.02478535,groundnut
31,58,15,27.11026483,84.96771717,7.121571293,51.52617423,mungbean
71,46,47,28.51371551,37.0076991,7.45072942,70.59039886,jowar
110,25,54,28.91105641,90.78413842,6.425930938,23.44398467,muskmelon
10,44,24,30.99256944,43.02151392,8.0344125,58.27600682,mothbeans
61,27,78,25.97949363,64.61044189,5.16572648,141.6208779,coffee
77,20,113,32.89526048,72.85524553,6.43789367,120.28669276,coconut
114,63,81,22.06043402,69.1786349,6.3459299,198.15623701,turmeric
71,40,42,31.48379921,40.3864016,6.07400233,46.45354113,jowar
177,55,88,26.61900446,71.68518861,7.93841092,195.31688803,sugarcane
98,39,45,31.15642924,73.11645685,6.94527038,136.65291515,soybean
81,46,25,20.59945471,58.85637202,6.17342188,165.70781169,soybean
31,29,35,27.1872282,92.19906776,6.137102505,141.3220576,coconut
11,60,23,27.33684386,88.50229102,7.033012777000001,51.09802625,mungbean
82,24,83,26.9922666,92.11526151,6.58082123,121.02500724,coconut
20,40,15,29.57329479,88.07505524,7.199495367999999,45.04467075,mungbean
52,31,53,15.0091703,85.44766062,6.20076709,261.57017707,cardamom
89,59,54,21.51976931,63.5995591,6.44067664,66.88957423,soybean
128,55,77,30.65217534,79.0044937,7.14720453,188.01653137,turmeric
88,52,39,23.92887902,88.07112278,6.880204617,154.6608736,jute
77,42,21,12.87922064,39.43641912,6.26814578,79.08517015,mustard
68,45,43,28.85663761,70.92107341,4.64404421,244.48935029,tea
98,48,77,26.99377372,84.13020602,5.22577701,299.37383888,cardamom
100,50,54,26.34355324,76.79948218,6.32934811,129.17174972,turmeric
40,27,45,21.66024980000001,94.79397419,5.885638185,112.4349689,pomegranate
25,51,18,27.77799528,54.82130787,9.45949344,50.28438729,mothbeans
84,67,37,34.46707746,45.52517143,6.10437043,133.24394351,cotton
133,47,24,24.40228894,79.19732001,7.231324765,90.8022356,cotton
69,47,40,25.37122686,76.2403666,6.130136384,183.8270791,jute
120,41,27,23.36054941,58.03328884,6.61199664,85.45383742,wheat
30,13,25,27.15116142,91.48889469,6.413184638,164.9182225,coconut
24,27,9,18.86883219,93.24688124,6.157135092000001,119.3936976,orange
95,45,58,28.53865607,74.03193742,6.23250603,168.46508113,turmeric
46,38,35,23.8941185,55.31142641,7.46444463,101.67583535,groundnut
90,39,37,24.81441246,81.68688879,6.86106911,190.7886386,jute
80,59,118,31.83361261,81.6438648,6.62331596,196.36314291,banana
107,39,28,24.35776336,49.74590704,6.65489873,97.73218821,wheat
72,24,47,21.66278668,80.442327,6.07356427,240.29621462,coffee
76,35,25,30.47126514,35.9465353,6.96427627,96.61125865,bajra
19,72,15,28.83600962,69.76112921,6.890760124,44.08562546,lentil
8,54,20,28.3340432,80.77275974,7.034214276,38.7976407,mungbean
104,35,28,27.51006055,50.66687215,6.983732393,143.9955548,coffee
51,40,23,27.08798346,47.82569844,6.44928752,55.36506529,groundnut
78,39,44,18.36974421,61.92041211,5.14185535,177.64683794,coffee
47,50,41,31.05901807,57.83176572,6.24870273,135.56544752,groundnut
9,143,197,23.75033085,92.88160462,5.570020684,117.6602827,apple
78,47,25,27.27022834,52.0991124,6.94663205,104.13793358,jowar
52,24,54,21.66334415,75.58127202,6.34238001,137.36336858,coffee
120,71,82,31.21795858,83.89422629,7.81914392,127.66556199,sugarcane
108,72,46,25.16278237,84.97849241,6.110844721,90.94554618,banana
44,47,45,38.73218907,94.73613484,6.579441304,218.142147,papaya
122,47,61,31.96478984,73.90435806,7.36826438,272.51733475,sugarcane
39,140,203,21.11903604,80.63399198,6.349875906,69.27779761,grapes
121,57,90,25.40207679,85.14941778,6.90122179,153.07810171,sugarcane
79,37,65,18.39794374,79.17098805,5.79689579,176.61536858,cardamom
24,14,33,29.38072512,93.27565685,6.366219551,218.5241851,coconut
80,25,61,21.66652762,89.72355626,5.86307821,164.33737768,cardamom
117,86,48,28.6956201,82.54195839,6.225225238999999,116.1616839,banana
60,60,43,31.83786446,61.91370082,6.39301033,132.36642074,groundnut
91,21,50,24.33528185,81.44030363,6.762030215,48.32113628,watermelon
20,72,15,36.00415838,56.01334416,7.313517308,134.8596466,pigeonpeas
86,37,38,21.56767107,52.92020021,6.42286217,100.701492,soybean
1,15,9,29.98364695,94.55239717,7.53350946,115.3560318,orange
109,21,67,21.21366002,70.16043537,6.21270117,222.47804633,coffee
72,37,64,27.21624787,88.77098566,7.4965817,140.83389739,turmeric
106,47,65,20.03352445,82.53206208,5.5459038,143.46037274,turmeric
80,42,26,25.76662285,54.3217088,6.64035479,126.4871831,soybean
111,55,68,27.32600193,88.63816975,6.60830112,203.02271291,turmeric
104,23,47,26.98212846,86.70068316,6.770434148,42.91292205,watermelon
49,72,15,31.55846339,67.83563765,7.137004749,74.86960831,blackgram
74,69,80,33.07053517,63.27838169,6.12149479,82.68573439,cotton
125,69,107,30.897812,77.97708007,6.55103868,165.16626107,banana
28,70,21,25.39038396,60.4989659,7.437373666,39.18374505,lentil
2,38,33,32.38697531,53.2328243,4.691396195,90.21633216,mango
13,17,45,21.25433607,92.65058936,7.159520979,106.2784673,pomegranate
117,27,48,26.53259325,82.39053979,6.835268183999999,54.30660782,watermelon
36,44,21,25.12528913,51.33189406,4.516154055,38.48678973,mothbeans
117,81,53,29.50704598,78.20585613,5.507641777999999,98.12565829,banana
12,31,26,35.7877738,51.94190321,5.395275719,100.2160615,mango
75,24,78,18.01979492,90.94304932,5.92126072,248.58688554,cardamom
64,35,68,20.72904673,75.24996267,5.78666061,221.71677349,cardamom
40,17,17,28.93628805,25.87756765,7.85929376,72.14643264,bajra
76,48,30,25.10648383,64.19942301,7.40504406,121.09469067,soybean
99,55,35,21.7238313,80.2389895,6.501697816,277.9626192,rice
54,33,80,27.59956428,78.76264371,5.81112464,236.15688638,coffee
111,53,19,23.96436009,78.02763149,6.419536555,84.63148859,cotton
72,57,40,22.21115595,48.06590292,7.39279874,119.94273989,wheat
40,30,29,31.77222475,55.25404336,5.66909822,44.64229792,jowar
118,88,51,25.44926208,79.49221962,6.201911642000001,100.6619171,banana
51,38,22,11.4655174,38.80562417,6.72702405,45.17886846,mustard
92,27,56,23.53398303,83.26897781,5.28183315,262.77965692,tea
152,71,47,29.90975945,85.92468921,7.74879457,148.37837561,sugarcane
39,30,38,20.12644921,87.59629625,6.965156737999999,108.065579,pomegranate
99,92,47,28.127950899999995,77.48247073,6.3239336470000005,103.5045395,banana
78,37,22,25.34217103,63.31801994,6.330554389,74.52082026,maize
82,52,41,28.73412533,64.52297467,7.37671287,74.737278,soybean
87,48,38,23.81579631,80.94023552,7.161865733,190.312216,jute
76,67,44,30.48867758,65.90766142,6.62369056,109.68922547,cotton
110,65,53,22.53222373,65.24473702,5.61085022,148.17768862,turmeric
80,45,42,23.1426498,74.99739774,7.380396262,151.9035477,jute
117,64,45,28.67253117,61.44315615,7.22432578,114.32414707,cotton
117,48,114,34.05458702,86.75949096,7.49255607,202.55804726,banana
131,64,68,24.29184056,94.96583503,5.91253524,180.96039743,banana
36,65,80,18.2872007,16.67921616,6.051091339,74.87445574,chickpea
126,64,83,26.96904794,73.21962012,5.98152536,117.32048741,turmeric
108,36,19,22.78249615,77.51235009,7.238566893,64.61444234,cotton
130,40,85,31.63708486,88.31004261,6.47266323,165.02739768,turmeric
87,29,80,24.70119754,67.44285967,5.13492266,121.92392943,coffee
95,26,45,29.91690582,94.55695552,6.117530021,28.16057247,muskmelon
109,23,25,25.11711046,68.48030408,7.00733163,194.8773479,coffee
20,45,17,28.17458662,83.69659318,6.770955317,37.2464655,mungbean
38,15,30,28.91862016,48.13974548,5.075504537,97.01331604,mango
64,32,25,19.18959237,47.04789825,6.0277007,90.54461269,wheat
75,20,36,12.60028446,50.97495386,7.55075638,99.85022066,mustard
35,68,45,42.93605359,90.09448142,6.612429546,234.8466111,papaya
171,67,71,33.01436438,68.65966985,7.72128018,214.71517583,sugarcane
119,72,55,25.99069521,83.33983116,6.220643671,112.0777152,banana
140,41,70,25.73683551,70.11107515,5.93429193,107.90190163,banana
80,38,77,32.70982644,75.51802498,5.08866655,332.78570348,coconut
25,60,22,21.63149148,21.17919701,5.887263027,134.3649948,kidneybeans
103,52,61,34.1414773,55.03367687,5.9240536,60.52255609,cotton
119,5,55,29.68846716,94.30111601,6.168757984,26.83924845,muskmelon
117,79,49,25.40909896,82.36208097,6.176644228,112.9794804,banana
82,24,26,24.31274458,53.57285558,6.089443602999999,184.4103931,coffee
95,63,88,25.15238251,87.55320754,7.12995372,131.83674737,turmeric
40,65,49,35.32876402,91.06138506,6.678449317999999,163.9069365,papaya
70,30,33,26.10270667,26.89569372,6.98215442,41.61151642,bajra
74,47,31,21.00220372,69.96573376,6.8480029,176.40456409,soybean
34,47,40,31.827741,59.45794571,6.13365877,78.21256079,groundnut
113,75,85,33.03682412,65.16201627,7.90210405,144.39459225,sugarcane
51,22,73,25.01429309,85.57036056,6.21986194,223.46958195,cardamom
85,49,36,24.19986227,56.84501408,6.76360574,33.99113486,mustard
27,139,205,22.48403042,93.40819246,5.7721799460000005,105.5473627,apple
100,41,22,22.4204752,84.55794703,7.318802162000001,93.46595573,cotton
5,62,23,27.9348279,66.45457122,4.722222454,145.3728801,pigeonpeas
146,66,61,32.9798268,72.41230092,6.76732013,296.65534001,sugarcane
51,62,42,22.18360035,57.97242368,7.06524908,110.39510757,groundnut
67,42,50,24.65631208,82.36810258,5.45547697,130.64349059,coffee
64,26,23,10.2353312,47.26654706,6.39301969,86.52723521,mustard
24,67,22,20.120043,22.89845607,5.618844277000001,104.6252153,kidneybeans
93,26,27,24.59245684,56.46829641,7.288211994,137.70440469999997,coffee
5,16,31,35.96054636,48.69677802,4.555688532,98.00644238,mango
82,28,90,26.1434733,82.95615964,5.75717538,139.0242539,coconut
100,40,35,27.56441788,54.41094079,6.9557873510000015,177.816092,coffee
16,6,29,29.28725038,91.95614918,5.868285082000001,132.1491176,coconut
93,81,50,27.71822477,76.57853189,6.0360792660000016,102.2099836,banana
67,59,41,21.94766735,80.97384195,6.012632591,213.3560921,rice
77,48,36,25.86705009,84.09985284,7.36008498,154.83908469999997,jute
14,22,9,17.24944623,91.13772765,6.543191814,112.50905159999998,orange
74,24,24,20.37270115,52.79963754,7.69591588,89.90949597,mustard
115,42,45,23.00305325,76.8448489,5.75611963,253.75822273,tea
102,21,96,28.69662565,71.29812121,5.59765464,164.86072005,coconut
80,36,28,35.14294027,47.54578721,7.49065432,90.33258441,bajra
71,29,47,19.69021641,74.58584857,6.16515354,152.02454696,cardamom
34,75,24,23.50222822,51.29019509,4.760038038999999,192.3023991,pigeonpeas
92,75,45,29.01207743,77.95192527,5.674403358999999,90.43495443,banana
84,50,44,25.48591986,81.40633547,5.9353444060000005,182.6549356,rice
100,17,48,29.72791119,94.29753295,6.367800632000001,26.52364146,muskmelon
139,64,52,22.16996672,49.70020759,7.46497923,154.70147897,cotton
35,57,83,19.48316794,17.44534641,7.476800943,80.4986291,chickpea
35,80,25,28.09269012,44.93322042,4.895927306,197.1144011,pigeonpeas
58,63,81,19.81344531,14.69765308,6.515499548999999,78.96514709,chickpea
70,47,30,24.89373702,37.29514503,6.82552629,69.72339802,mustard
89,22,52,24.89681131,86.10782926,6.217300786,53.14626213,watermelon
31,79,75,18.8202251,16.1074793,8.204862075,89.73119396,chickpea
121,63,75,25.81018532,71.31333665,6.27293321,142.21821541,turmeric
33,47,17,24.86803974,48.27531965,8.621514073,63.9187654,mothbeans
56,34,24,30.75859923,45.04650787,6.1809734,125.43341103,groundnut
93,25,52,25.60924293,78.13673162,4.93808624,153.61408686,tea
119,53,72,26.86327977,72.16728796,6.97513865,197.37969109,turmeric
55,45,63,20.32430835,88.78982624,6.03006913,123.55995924,coffee
1,59,23,27.46852989,87.17649,7.184398832,43.78420984,mungbean
92,45,106,27.98572531,73.91876026,6.66143174,294.40973107,coconut
55,31,27,26.03409258,57.93984499,6.84295019,59.76216366,jowar
103,58,87,25.74609266,73.09883624,7.208367,161.759817,banana
39,67,36,23.65919468,51.22995509,7.22512078,83.95354636,groundnut
75,70,54,25.94262432,64.61771591,7.63810826,70.90003986,cotton
153,50,66,29.79299706,72.39081576,7.19363577,241.29479398,banana
47,63,16,27.44003279,67.10464369,6.661870999,72.50669768,blackgram
63,23,77,27.58361993,84.70162966,6.15593602,180.98744657,coffee
137,67,99,27.44824411,77.38221681,6.54899824,217.48369618,banana
81,50,111,29.77958892,73.46490127,5.53377343,191.48460207,banana
75,41,61,30.66079098,77.50452064,6.88338595,183.56441821,turmeric
141,47,41,27.66562516,72.27412837,7.30148563,138.40930792,sugarcane
32,56,21,27.38538997,88.66663953,6.702772465,58.29933073,mungbean
37,37,26,33.77821221,30.74195537,7.32755739,99.23773804,bajra
107,63,59,30.97238437,45.4237546,7.18511168,140.50333681,cotton
52,21,33,33.3379885,26.56931655,7.49864718,85.09099362,bajra
117,26,30,27.92374437,67.96910852,7.079850922,115.2325531,coffee
97,51,35,22.58462497,54.03591029,6.50465421,73.41254104,wheat
14,23,25,26.18552389,96.96637916,5.6121227970000005,135.4186222,coconut
13,75,20,30.55992394,35.29006485,6.979540061,178.8998611,pigeonpeas
18,14,11,28.04799508,90.00621688,6.550814117000001,117.1311498,orange
96,36,67,16.93035973,88.80296271,5.85359266,179.4487835,cardamom
91,21,76,20.16832752,90.83783001,5.7170787,265.03572217,tea
164,53,68,25.47366218,89.45759158,7.7591151,151.67923885,sugarcane
41,74,18,28.75751783,61.02701476,6.599147297999999,73.37686831,blackgram
22,49,22,28.23494706,61.5620517,3.71105919,72.66666443,mothbeans
9,51,19,27.04453473,49.32609633,5.49091063,48.25207759,mothbeans
69,46,62,33.77006161,82.11825068,7.06513777,245.28460938,coconut
60,24,88,29.5408924,90.89245781,5.56203777,281.31542438,coconut
28,60,30,29.59874507,60.85063337,6.04619412,141.59829536,groundnut
71,30,70,19.10233526,85.74784437,5.97230167,162.29137929,cardamom
112,54,39,29.09625587,50.05885948,7.78789683,169.48836598,cotton
101,35,26,16.37464924,46.48668424,6.33273452,54.16074194,wheat
43,34,37,28.53446944,59.26598893,7.35090908,120.1500246,groundnut
91,54,119,24.3879155,85.75594103,6.66771369,125.1966349,banana
29,121,196,22.84852833,94.32130209,6.079497202000001,123.5977843,apple
31,13,33,29.69952329,95.21224392,6.342463714,148.30036919999995,coconut
11,46,24,27.65280218,89.80650642,6.459252023,56.52558045,mungbean
79,48,70,24.49849737,91.77132776,5.29124315,188.6814119,cardamom
110,60,31,20.98069939,56.85543745,6.10371726,103.96569621,wheat
4,67,25,23.78709569,24.35679348,5.948164454,119.6404412,kidneybeans
58,30,24,33.92847139,49.58957724,6.3632007,69.1458103,bajra
66,53,19,23.09348056,60.11593810000001,6.033550195,65.49730729,maize
48,30,39,29.04285206,62.97141788,6.74932409,108.34031087,groundnut
118,32,39,24.27095606,56.96800703,6.37600765,89.16546275,wheat
62,60,35,20.71660559,53.24560002,7.05481902,119.70951743,wheat
163,47,74,25.41149396,85.7234614,6.19332347,122.8806867,sugarcane
19,7,10,14.78003032,91.22062116,6.118430299,100.1961762,orange
74,35,75,26.73408836,88.25298307,6.30155554,311.35812993,coconut
24,21,42,20.82210727,87.22815682,6.999014379,109.4429934,pomegranate
57,45,29,25.32170504,40.72881273,5.60887156,107.82710115,jowar
84,63,49,31.40013226,52.18362641,7.60991736,170.06327641,cotton
104,49,68,24.59956376,90.31791684,5.61202345,260.59325211,tea
76,61,75,21.20886038,71.60333332,7.18880294,133.75539993,turmeric
52,31,40,26.47504476,91.64382702,5.59245809,155.09768878,cardamom
94,50,30,24.69212251,55.53898773,6.59421039,78.82771758,wheat
59,24,31,26.16219723,44.35519463,5.81218152,57.81254756,bajra
43,50,34,16.27231298,38.08986021,7.12755784,78.06833827,mustard
116,36,25,27.57847581,58.52534263,6.172090205,156.6810374,coffee
51,57,54,30.90090845,61.93061079,6.90245706,97.21665164,soybean
89,52,42,23.09433785,81.45139295,6.14132902,196.6587013,jute
75,45,72,22.10561116,89.0745076,5.53453105,192.80352037,coffee
21,80,20,28.20667264,68.27085245,7.350869792,64.32887142,blackgram
28,145,202,19.2077707,82.90428409999998,6.484323189,66.83113717,grapes
105,62,50,29.79840499,81.44567699,7.09079371,200.01143389,turmeric
88,39,44,20.26390914,52.83367451,6.85669906,93.94801643,wheat
109,26,45,28.27973674,90.38971208,6.224535448999998,21.58992507,muskmelon
20,142,196,10.89875873,80.01639435,6.207600782999999,68.69420397,grapes
71,31,49,20.99559287,63.4998319,7.28743317,98.23670168,soybean
17,73,18,19.50112224,34.51086611,5.632353113,197.3752649,pigeonpeas
20,8,12,25.2990432,94.96419851,7.260416405,117.9733424,orange
34,66,17,18.81097271,21.27833035,5.889614577000001,125.084915,kidneybeans
80,46,118,26.65285728,78.06007359,6.51334098,150.15615844,banana
42,79,85,17.22385224,15.82069268,6.129533877,76.57580954,chickpea
106,35,60,19.51326585,77.01535011,6.41775781,183.35766802,coffee
86,49,75,24.30197604,77.55206775,6.81876579,119.71022236,banana
87,48,20,22.70105351,43.69472981,6.10154969,58.61171055,wheat
38,55,19,33.18184225,38.23184742,5.864623352000001,198.8298806,pigeonpeas
80,43,43,23.78756036,74.36794079,6.014572075,172.64426540000005,jute
82,43,38,23.28617173,81.43321641,5.105588355,242.3170629,rice
22,55,16,23.7937153,68.03209183,6.516317561,49.73922097,lentil
92,81,52,27.39341554,81.4654833,6.438137278999998,94.31102057,banana
27,55,33,29.43215845,59.98280462,7.246755,119.55934663,groundnut
89,36,45,30.0668434,37.07202024,6.01019316,54.91232175,jowar
161,42,66,32.60356002,81.15929365,7.38875374,225.21675544,sugarcane
55,44,29,24.72434706,52.5248319,6.02964595,163.13496512,soybean
80,38,117,27.50299325,73.41964125,6.29741615,146.71335962,coconut
10,79,20,24.98287462,66.895409,6.379881442,38.21370568,lentil
77,36,37,26.88444878,81.46033732,6.136131869,194.5766559,rice
66,23,35,26.78858412,38.1563015,6.93224746,31.07013185,bajra
56,31,35,26.17434143,43.76652945,7.54115522,89.54222664,bajra
90,49,39,21.64151666,56.12110431,6.02886327,51.07555768,wheat
73,26,16,30.38012656,44.02605231,6.43922256,68.28003621,bajra
119,46,36,19.43564164,56.89666022,6.50482109,99.36452084,wheat
91,37,37,16.84898176,40.29383146,6.32230886,72.40687529,wheat
103,65,84,23.86200794,81.97606124,6.10032074,196.16194138,turmeric
103,61,61,30.50807818,54.20152026,7.73521074,178.47946705,cotton
58,33,69,21.27478021,81.45751533,5.09436389,150.92313531,coffee
105,40,22,15.82663816,59.2999608,6.62940227,91.76400396,wheat
86,40,33,26.1387869,52.26311691,7.432322234,136.3027766,coffee
16,71,24,18.33124824,38.40975482,4.946369874,139.64833169999997,pigeonpeas
27,72,23,19.92889503,21.79992115,5.961934481,64.02640797,kidneybeans
70,35,54,28.79582277,87.90443414,4.59264235,154.05810548,tea
62,24,26,20.80219943,55.53020302,6.95406842,71.62211034,mustard
61,38,20,18.47891261,62.69503871,5.970458434,65.43835393,maize
111,49,58,31.99707196,77.00111462,6.31253474,141.71039589,turmeric
66,38,51,22.57482665,78.20492199,5.59358104,244.65154925,cardamom
122,40,17,24.96440768,81.31677618,6.854558957,80.03995829,cotton
95,16,46,27.076726500000003,90.14362622,6.74669542,24.4514648,muskmelon
83,46,37,15.32303172,51.28833486,7.42687356,112.43955314,wheat
115,31,37,16.50790514,43.79028984,6.29183211,62.25142095,wheat
73,18,18,26.67127693,34.30504698,5.62503687,69.95559687,bajra
63,17,27,27.10567357,47.34411735,5.92066083,75.47453881,bajra
1,135,203,22.77856513,92.70124029,5.624203283,113.7759219,apple
99,36,33,24.437487,40.16748827,6.52933073,51.32885036,wheat
34,68,51,27.34734861,94.17756725,6.687088097999999,40.35153141,papaya
69,46,42,24.46020443,72.24133275,6.44037196,106.8093279,soybean
76,53,66,34.25655987,58.57375439,7.38160422,159.52576088,cotton
72,26,44,30.44496316,45.78096426,7.95812996,82.66793561,jowar
56,65,45,38.2016825,93.97379963,6.751298936,218.09088140000003,papaya
90,31,25,16.60007273,47.74254145,7.22868012,40.63480599,mustard
108,46,17,24.3017998,84.87668973,6.93221485,65.0247867,cotton
42,61,22,26.27274407,62.28814857,7.418650668,70.23207557,blackgram
73,57,33,23.95572417,61.47587363,6.33331377,75.44465658,soybean
41,51,37,30.14453035,61.36987257,6.72573565,75.09825931,groundnut
11,72,22,29.37735586,44.82294584,6.842744374,172.40168,pigeonpeas
36,80,21,33.64769646,48.41490082,7.066087261,100.4673278,pigeonpeas
117,35,75,28.98537438,72.46495142,6.35592192,194.62314217,turmeric
64,32,62,21.98432889,80.57421235,5.78194074,237.31034256,coffee
86,37,16,20.51716779,59.21235483,5.561510732,67.61013737,maize
41,21,38,26.32912542,53.9903841,6.49514136,46.72549808,bajra
96,35,77,19.29539824,83.12434184,5.08265328,157.31958521,coffee
54,35,35,12.97570913,52.32461382,7.20638855,58.14513824,mustard
64,43,20,23.27873269,56.32568502,6.28882324,83.54573544,wheat
89,35,88,27.6961915,77.18188915,5.89502471,247.95747086,tea
101,55,68,28.19034199,93.66594266,7.16958693,141.31082216,banana
99,15,27,27.0424167,57.27927475,6.501157208,165.6872119,coffee
2,24,38,24.55981624,91.63536236,5.922935513,111.9684622,pomegranate
106,20,51,29.73019662,90.97015715,6.342573112,20.49035619,muskmelon
59,38,25,13.33704404,37.14196156,6.20433427,75.56015874,mustard
49,76,18,27.05365239,67.7017527,7.393631868,60.4693835,blackgram
48,47,26,33.5308489,35.40369785,6.23931561,60.58647961,jowar
86,34,26,24.49039109,41.66698781,7.44292823,52.38046048,wheat
98,53,69,27.43148596,94.19411313,7.2941035,204.84698404,banana
121,51,56,27.01969599,71.79831405,5.50519475,119.13646566,turmeric
35,140,197,16.77557314,82.75241875,6.106190557000001,66.76285469,grapes
11,53,24,28.52396666,55.77264351,7.39389918,61.32935611,mothbeans
115,32,64,20.888131,83.48061424,5.20931977,268.31323556,tea
85,61,80,25.69789677,88.24906443,5.98734143,166.13394924,turmeric
44,43,49,26.7399404,50.43131444,6.58498986,64.17671723,groundnut
19,122,202,23.34467359,90.37981478,5.811975094,112.8954016,apple
109,54,90,27.80679316,77.08801741,5.97708785,207.74276018,turmeric
68,35,86,26.04250507,86.74865904,4.87657172,286.34230931,tea
46,38,24,29.63479484,54.8579677,7.17251785,57.65340048,jowar
93,35,71,25.32236995,75.8246905,5.54361254,211.00731556,coffee
94,37,41,24.7634518,87.06071115,6.4635387070000005,179.1630865,jute
52,70,16,33.66855394,66.60416867,7.534811832999999,67.32520551,blackgram
177,44,47,24.28210374,72.84585467,7.86980862,273.39013915,sugarcane
105,33,48,16.56980852,60.88948043,7.16272935,96.81823586,wheat
9,76,25,28.88302142,50.12323801,5.70951224,179.2155874,pigeonpeas
83,45,21,18.83344471,58.75082029,5.716222912,79.75328959999999,maize
42,50,30,17.19953399,55.11032545,6.8092877,97.69679277,mustard
44,44,45,12.57570431,36.82348802,6.25283674,33.27612719,mustard
3,78,18,20.21368219,68.65257685,6.887130053,50.89732989,lentil
118,18,52,28.04943594,90.83130708,6.562832807,20.76223014,muskmelon
101,11,51,25.50736962,84.24340241,6.792035575,44.2068997,watermelon
85,35,32,26.24928198,54.28617819,6.854011265,133.1120232,coffee
29,138,197,22.19055385,92.43764169,5.830892252000001,121.6622761,apple
10,5,5,21.21306973,91.35349216,7.817846496,112.9834361,orange
42,59,55,40.10207731,94.35110201,6.979102243,149.1199989,papaya
107,47,78,23.76225633,74.40111885,5.64643398,297.40442738,tea
22,60,24,18.78226261,20.24768314,5.630664753,104.2570723,kidneybeans
128,42,75,30.17050993,86.8104569,6.35753314,185.36296396,turmeric
14,74,15,27.99990346,65.57653373,6.493036868,49.94043064,lentil
108,66,84,34.35530257,65.00072823,7.80770335,173.60122629,sugarcane
75,42,30,29.37889013,53.87901885,5.54011587,65.94286966,jowar
95,12,46,26.21667586,81.01009354,6.32281728,54.65423596,watermelon
137,57,68,26.33509076,89.32407564,6.82219638,164.61402279,sugarcane
86,24,62,18.35068616,73.29945074,6.2303235,249.92779532,coffee
98,27,27,24.71384065,51.29142534,7.238109556,197.6439711,coffee
32,13,42,23.50128217,92.97527546,5.786058032000001,106.61905,pomegranate
13,73,20,30.50420876,35.48885969,5.391560417999999,162.59277230000004,pigeonpeas
41,54,30,24.04415648,46.53888504,6.53135564,106.39015081,groundnut
101,92,45,28.22776705,80.64303840000002,5.758054257,98.00403016,banana
140,40,17,22.72767171,77.07598065,6.006085786,77.55176318,cotton
102,28,45,25.07249032,70.82573179,6.36739413,279.83943535,tea
33,37,19,27.92678579,86.5543196,7.183189922,43.4826194,mungbean
64,25,30,21.61887811,56.76849383,7.89637967,72.37697868,mustard
10,59,15,29.83040388,89.30428305,6.32400451,58.86687093,mungbean
58,33,41,22.23668486,62.24473858,5.6042449,224.22233114,coffee
107,36,21,25.29250148,75.66653335,6.205263534,62.64174227,cotton
131,55,71,29.18537137,92.94666695,5.68281242,115.70546041,banana
115,60,63,30.82618946,76.93469902,6.52594238,104.96278552,turmeric
35,36,17,28.74394449,32.58491785,5.56033114,65.16411355,bajra
110,45,73,21.96485232,84.8812148,5.10915695,166.20457848,coffee
30,28,32,28.48199105,25.68747636,6.60606535,40.69827306,bajra
63,40,48,27.50603263,51.8096339,6.14638783,53.5830698,jowar
2,30,30,26.00175125,94.79998418,6.331051715,209.540094,coconut
9,69,20,19.30607278,23.96362799,5.591560999,129.3449326,kidneybeans
92,46,92,26.96495111,70.89706228,6.52830915,167.41828976,turmeric
101,58,70,27.31885728,83.34770468,6.31035626,231.27340601,sugarcane
94,33,20,15.37586424,58.71062045,6.81514979,117.04398737,wheat
24,61,17,22.6371424,65.44544859,6.233269045,38.30411077,lentil
21,38,20,27.10508014,63.56791363,5.794289715,62.20279647,mothbeans
90,44,38,23.83509503,83.88387074,7.473134377,241.20135130000003,rice
89,31,45,12.51435998,54.40168387,7.66410219,36.8839139,mustard
126,46,25,24.43847399,81.69801729,6.757457943,60.79645852,cotton
56,35,25,22.09514717,50.83915297,6.07624442,72.45678125,groundnut
20,32,42,25.01719404,54.30798594,7.20046835,96.61202933,groundnut
113,58,77,29.40081126,76.6072449,7.13905074,232.42956181,banana
117,38,24,15.98277849,46.15324437,6.96841397,106.41975932,wheat
14,19,14,17.68408797,94.35815354,6.699164936,108.0638166,orange
83,95,50,26.51682337,77.79913575,5.50947065,108.8547508,banana
131,60,17,25.32023717,81.79475917,7.4250413160000015,83.46532547,cotton
57,38,80,19.91260633,71.14892533,6.4410346,174.6225187,coffee
43,38,27,21.87188488,50.87149784,6.50533059,50.3195797,mustard
49,55,78,18.65580107,16.17772668,7.863113671,81.70769297,chickpea
69,24,20,29.88881429,44.14787829,6.67351993,103.56671624,jowar
104,44,67,18.98649586,89.39417778,4.69473512,248.88101719,tea
12,34,28,33.36140093,45.02236377,6.13526938,98.81596545,mango
7,11,32,29.25902906,95.11294697,5.542169138999999,184.7624496,coconut
137,55,80,33.69300855,77.91190155,7.75756639,253.39003548,sugarcane
86,36,24,26.54986394,72.89187265,5.787268394,73.33636055,maize
54,31,16,34.39664291,42.88975442,8.18954835,83.74312409,bajra
107,64,55,25.13334466,81.46670271,7.1606617,146.18206754,sugarcane
63,33,21,34.55990344,50.34185642,7.15159112,75.86929489,bajra
112,55,94,30.33463083,74.43308718,6.40458794,158.40717758,turmeric
98,66,67,29.08442203,82.30440955,6.94055813,158.11778238,banana
82,47,119,33.4199644,92.76759382,6.4463784,260.20141478,coconut
66,42,33,28.96269525,54.48357967,6.40311858,91.88997526,soybean
26,10,33,28.27298134,96.93649473,6.07071786,198.8234862,coconut
122,65,52,33.51958871,66.85842483,7.48641282,175.75816971,sugarcane
75,30,32,27.65176495,30.42724226,5.53748607,44.9070792,jowar
102,24,54,27.72338349,90.93897939,6.698468621,22.81863447,muskmelon
100,50,63,26.23863245,63.71026017,7.73488998,142.14826184,cotton
151,77,88,26.69681304,86.57769174,6.81168799,263.56682194,sugarcane
93,48,54,27.69873436,59.33401912,6.66494985,82.40839025,cotton
107,32,47,15.79926173,64.3497604,6.01724189,93.31756692,wheat
58,36,68,26.54914825,78.70949083,5.08217147,151.66252145,cardamom
104,25,60,27.788705,81.47798456,6.22047566,252.19276952,tea
98,7,45,27.79161808,92.51054946,6.157724816,26.85422624,muskmelon
18,36,23,24.01825377,53.76623369,7.214078621,35.03404425,mothbeans
64,45,43,25.62980105,83.52842314,5.534878156,209.9001977,rice
22,55,24,28.56800579,57.30636014,8.66077954,64.53027638,mothbeans
71,24,62,23.32721495,75.58152948,5.06618158,184.04573262,coffee
100,56,35,24.00868687,58.60498356,7.06862163,113.91590032,wheat
57,68,81,17.17012591,17.30457712,8.081095263,72.78624223,chickpea
80,16,46,25.50405534,81.40297428,6.940236218,48.47833278,watermelon
155,50,51,28.22059455,68.47593136,7.51722398,204.5768807,sugarcane
137,69,119,33.57315801,85.62526824,6.42561325,118.83042694,banana
93,34,42,19.1841643,55.93717061,6.35463737,77.41207989,wheat
110,22,47,29.03157242,91.82172592,6.243673725,24.93861254,muskmelon
51,72,75,18.88852533,14.99451145,7.1042247970000005,80.11133840000002,chickpea
88,35,66,29.41341494,80.65693261,5.22140854,270.94922933,tea
34,11,10,31.75048899,94.59551226,7.36220835,115.1989301,orange
47,46,52,23.19451074,91.40301608,6.502289472999999,206.3999208,papaya
116,45,74,20.60421416,76.60598004,6.79008589,112.18633339,turmeric
14,67,25,25.28710601,60.85993533,7.241151936,49.37369982,lentil
27,24,29,26.61423461,96.97300803,6.142010637,191.006688,coconut
81,62,83,32.90368417,77.39256276,6.85829355,133.95518179,banana
89,53,44,24.88692811,71.91711523,7.319735475,150.2498675,jute
8,72,17,20.57341244,19.7520218,5.711439256,87.87869161,kidneybeans
70,45,50,34.05346897,42.94079377,5.67944279,92.1131377,jowar
37,6,13,26.03097313,91.50819306,7.511755067999999,101.2847738,orange
141,48,60,27.44394112,91.42642239,6.68907179,124.94967587,banana
63,30,39,34.85564132,50.5222288,8.23044375,47.54851263,bajra
27,74,20,24.69487673,59.96669215,5.8598134160000015,91.95792434,pigeonpeas
115,61,91,28.45637524,79.7801148,6.59582245,210.29315878,banana
97,41,100,26.46850161,78.24174137,6.51396077,220.70892404,banana
53,20,22,31.49802773,31.33084267,5.91234666,58.82108387,jowar
78,30,41,25.49830713,35.1505293,5.62769546,70.71614908,jowar
85,28,62,20.69588628,91.52747403,5.2395343,171.78722314,tea
36,35,16,36.09159978,29.56198374,7.11317456,74.95964816,bajra
63,58,50,43.03714283,94.6428898,6.720744449,41.5856585,papaya
85,47,49,25.82886413,91.32023262,5.56404633,266.17399299,cardamom
108,35,42,31.67817775,47.97730103,7.46265982,116.9102174,cotton
90,20,118,31.03032866,78.84542952,5.59454472,283.49735133,coconut
90,45,55,26.0594594,62.68160805,7.10606536,147.2966255,soybean
76,39,44,19.16653923,78.54367209,5.17052601,155.03417033,cardamom
78,37,93,30.32495048,74.28229941,5.97790024,158.52568356,coconut
56,36,44,31.1745865,58.63041173,6.70453691,94.98617881,soybean
8,120,196,24.06679352,82.66396666,6.053662544,69.81855775,grapes
48,15,20,29.96676067,40.89558132,6.51341581,98.77889683,bajra
50,39,23,30.88841175,41.5863757,6.9400172,61.19450148,jowar
68,43,37,27.54010446,51.15195479,6.75184725,90.03542022,soybean
131,48,48,34.98073397,63.64069805,7.48342945,71.31878483,cotton
13,72,21,24.32116642,21.0278674,5.821194486,60.27552528,kidneybeans
50,69,44,30.05549901,68.35498288,7.00054159,67.95424601,groundnut
69,35,44,23.79330362,74.19722638,7.35928516,92.30657824,soybean
174,65,54,34.15266776,82.04757797,7.90173875,251.62720411,sugarcane
43,31,43,24.36381536,55.16726829,6.3631831,85.26172631,jowar
91,13,47,29.10968327,92.43510994,6.14410903,27.95602304,muskmelon
2,38,18,27.53632932,89.92908171,6.619891497999999,45.48591922,mungbean
83,38,35,25.70822684,52.88667115,7.18915558,136.73250919999998,coffee
29,36,25,28.28511547,88.4393979,7.130278657000001,48.56690235,mungbean
66,41,44,18.81360467,54.58163038,7.18965151,65.95596475,wheat
87,44,31,24.0743509,55.99412425,6.76448572,145.65836696,soybean
101,44,43,29.49027168,87.15426619,7.84330038,159.62971558,sugarcane
39,53,30,26.52488308,45.59490471,6.10169678,118.83734731,groundnut
106,42,46,30.3111833,80.4817762,7.90978263,146.29621637,sugarcane
62,22,22,37.45946946,27.54542378,7.97434913,48.71505873,bajra
58,22,45,32.59573105,36.45494558,7.46239174,69.86139311,jowar
113,43,88,26.14549927,88.33366183,6.46482674,276.28721112,coconut
72,54,69,34.70548154,55.71880017,7.59003584,159.76837874,cotton
111,5,52,29.8843055,94.0371147,6.135996372,21.0000988,muskmelon
52,48,28,14.77568314,36.3323277,6.92156711,79.2868538,mustard
63,58,22,18.25405352,55.28220433,6.204747652999999,63.72358154,maize
24,6,32,28.11321494,90.01734526,6.387067562,172.48136409999995,coconut
89,25,50,27.04863538,91.34685096,6.375923383,25.08146686,muskmelon
42,36,35,31.65914602,69.30975074,7.31262999,59.71797385,groundnut
32,139,198,35.89307536,82.66850729,6.358186848,66.53946559,grapes
73,21,50,25.93852038,84.81398873,6.20179939,264.47780851,cardamom
102,50,66,21.42014856,88.78166689,6.02791212,119.78071348,turmeric
89,41,87,28.22873502,75.83778911,6.12305848,184.73853668,tea
23,23,30,32.82141065,47.45553843,4.755273631000001,90.89173106,mango
89,39,36,10.09883589,38.65881481,7.83432934,37.45942428,mustard
91,36,45,24.44345477,82.45432595,5.950647577000001,267.97619480000003,rice
102,48,87,29.90277788,93.86285196,5.19971785,203.48492697,coconut
136,41,104,28.61783881,77.93544109,5.56031422,201.97722052,banana
95,36,69,26.86386804,84.65573594,6.2237978,254.44989953,cardamom
44,60,55,34.2804607,90.55561637,6.825371185,98.54047745,papaya
99,15,27,27.41711238,56.63636248,6.086922359,127.92461000000002,coffee
41,38,35,29.8645662,58.604849,6.8928458,73.11743138,groundnut
98,63,89,29.52142335,94.6559467,5.79351184,219.64144005,banana
95,47,87,18.21872607,93.18297354,5.87338228,275.26758002,tea
96,32,47,18.15535158,56.18602214,7.38852149,60.70914537,wheat
51,42,33,31.99411918,37.23451726,7.3914371,85.03461441,jowar
87,42,80,21.26377396,77.18035185,5.73768327,181.76444939,turmeric
30,64,20,33.8642935,61.57072498,6.573531614,68.02199825,blackgram
57,23,28,32.49069935,55.89631767,5.81098922,40.31604343,jowar
105,93,46,25.01018457,78.76260938,5.760457558,108.3690513,banana
92,45,22,21.9620522,56.10049871,6.74286699,57.44543727,wheat
92,7,45,26.70607759,81.14149505,6.944640222,51.51033554,watermelon
89,53,65,24.86054693,71.34967919,5.61184389,158.43764508,banana
79,42,37,24.87300744,82.84022551,6.587918707999999,295.6094492000001,rice
107,42,24,22.04612876,84.62978302,6.144631795,86.00758678,cotton
86,69,86,29.14926816,85.0144057,7.21856489,215.75562352,banana
63,50,52,28.64555584,93.22642604,6.751747609,115.8163936,papaya
55,78,21,33.39438752,62.93692886,6.602888248999999,63.57445989,blackgram
152,80,40,25.56424606,67.90772558,7.05951448,184.16994464,sugarcane
93,94,53,25.86632408,84.42379269,6.079178787999999,114.5357503,banana
168,73,64,25.15006106,65.87136721,7.82464378,126.06421338,sugarcane
7,31,27,31.32863689,47.59319575,6.524114355,94.67344737,mango
127,38,54,32.84316861,48.92807555,7.29083019,75.92135197,cotton
100,38,118,25.06329058,92.83497775,5.76495899,267.93332114,coconut
12,37,30,31.09779147,47.41196659,4.546466109,90.28624348,mango
36,128,204,25.23542319,80.68700527,5.695792761,67.03840888,grapes
85,52,47,30.04465001,63.67658741,7.39059243,162.35393039,soybean
78,43,51,21.22831397,89.75830926,5.73876232,158.40826151,turmeric
97,36,54,31.69712834,54.76916079,6.06050501,169.08083653,soybean
39,24,39,23.65374106,93.32657504,6.431265737,109.8076178,pomegranate
103,44,64,20.04524502,81.17037906,5.6105171,110.67960085,turmeric
90,25,43,23.35742153,80.1487419,5.79728336,195.37966492,tea
29,132,204,23.08950736,90.22507299,6.0967531,108.2166601,apple
64,47,42,24.4513308,85.6912705,5.87729948,287.19837257,cardamom
38,24,33,28.28905147,97.00396405,5.973853124,142.9403233,coconut
45,20,48,24.95676225,46.82894159,7.13301315,89.48533304,jowar
63,17,35,25.9659993,35.87869077,6.2303872,63.30877838,bajra
138,60,64,25.76437449,83.90376017,7.47594518,281.36859959,sugarcane
6,66,15,34.93174223,30.40046769,6.3458060110000005,159.2649827,pigeonpeas
75,25,25,17.99219706,37.36163574,6.26847826,57.90764914,mustard
2,40,27,29.73770045,47.54885174,5.954626604,90.09586854,mango
109,37,57,23.25337062,60.54433634,6.55641252,139.98655813,cotton
113,57,44,24.90203728,46.51478478,7.58700053,150.73909602,cotton
1,48,24,29.34594634,85.60472562,6.232836962,59.03629954,mungbean
31,130,198,21.80129837,92.73446667,5.554823557000001,120.05866709999998,apple
149,76,48,33.25739928,73.89228194,7.24150988,150.88408464,sugarcane
116,45,41,29.07123166,50.94368587,7.35625754,122.69617127,cotton
143,47,90,28.63752447,73.43414649,5.78752432,236.08149281,banana
67,37,45,24.62428847,82.57725817,6.49734534,178.85214746,tea
35,41,18,28.70562673,81.59200689,6.705008503999999,59.87065439,mungbean
34,35,21,28.44524991,82.67639542,6.684381357,58.18713162,mungbean
39,138,203,21.19339319,82.33098331,6.399433771,74.62834921,grapes
5,68,20,19.04380471,33.10695144,6.12166671,155.3705624,pigeonpeas
28,130,196,22.13450646,94.67695747,6.062356467000001,112.9203223,apple
139,44,93,25.11743897,75.91211271,6.41084172,146.06100254,banana
63,47,47,24.80727119,86.32187558,6.30598353,153.44002514,cardamom
75,37,60,28.24134386,93.28380644,7.17325473,156.83434305,coconut
93,20,50,29.93061247,93.22980899,6.448792688999999,24.34814338,muskmelon
154,67,77,24.49505551,94.34908655,7.02491153,155.83325841,banana
23,56,47,30.22870859,60.67359575,6.36435656,121.5622371,groundnut
132,38,76,30.82845061,60.0695417,7.84126316,87.58328121,cotton
51,23,42,18.58982327,48.17881493,7.49893962,31.28349003,mustard
88,55,45,24.63544858,80.41363018,7.730367824,253.7202781,rice
79,29,64,23.16510034,85.38299376,6.15274462,186.17647127,coffee
82,50,94,25.49519709,88.60028973,7.31609458,232.52564929,banana
26,68,24,28.04849594,64.07691942,7.504930973,37.15824966,lentil
98,79,50,25.34119774,84.47321314,6.435917308,91.06493353,banana
20,62,18,29.36358721,64.98742947,7.366542647,61.91208707,blackgram
63,25,63,25.59753372,67.83738678,6.37199933,133.52330013,coffee
92,58,70,28.77075679,78.9818406,6.07315572,143.9373441,turmeric
107,26,76,30.29324885,71.41026667,6.23080322,205.67560419,coconut
31,25,12,18.05142392,90.03969587,7.016482298,111.7793889,orange
17,16,14,16.39624284,92.18151927,6.625538653,102.944161,orange
77,39,37,28.76395821,62.01001113,5.95386904,170.42722294,cotton
89,34,51,25.52965958,60.82883676,5.06964591,147.83369754,coffee
51,40,54,21.04538271,69.98531586,5.07580406,243.69713491,coffee
106,61,95,27.8450851,72.72906595,6.4993921,231.78602162,banana
62,25,112,29.24743883,86.85747579,6.17685115,218.33787264,coconut
173,63,46,34.97257057,88.23598699,6.00071125,141.85399057,sugarcane
113,58,61,31.06398216,71.81812804,7.11957939,203.42375262,banana
49,46,31,19.6801339,37.28459539,7.84145193,66.72352813,mustard
75,48,27,14.81116697,57.25053616,6.26433549,47.99930302,mustard
137,40,43,25.01856889,80.0806103,7.50943519,172.01847202,sugarcane
92,20,55,25.10474753,87.52676159999999,6.5877912620000005,59.26519444,watermelon
111,53,49,34.76408708,47.82514948,5.63980077,178.21318112,cotton
120,24,47,26.98603693,89.4138489,6.260838965,58.54876687,watermelon
19,38,26,31.48451729,48.77926304,4.525722333,93.17221967,mango
113,6,52,27.76317235,90.35567642,6.740983646,25.21609113,muskmelon
71,44,46,27.82681536,54.06584694,6.05394801,50.96002169,jowar
56,59,55,37.03551903,91.79430166,6.551892637999999,188.5181422,papaya
107,22,54,27.99611732,90.84660317,6.630301421,21.61893763,muskmelon
110,71,74,24.33731077,87.50517454,6.79311171,266.33249508,sugarcane
95,55,42,26.79533926,82.1480873,5.950660556,193.3473987,rice
51,34,83,31.03629699,92.46323919,7.0614343,310.32997789,coconut
106,31,33,16.31158938,55.13096197,6.75921436,51.26955654,wheat
87,32,67,24.01982384,94.1920673,5.59245702,243.67121748,cardamom
104,67,47,27.39072922,79.72884843,7.72301509,281.99783698,sugarcane
158,64,110,24.5139843,76.00324294,6.66446279,118.44692581,banana
60,34,38,29.24194323,34.60139486,6.59630588,86.32572727,jowar
6,139,199,25.67385024,81.6212135,6.29099842,74.10919422,grapes
9,80,19,21.80619564,18.57086554,5.945465949,125.0972687,kidneybeans
120,40,33,24.23850608,54.30329632,6.73410539,115.1564012,coffee
55,17,16,28.48583503,29.772647,7.57455506,49.4384193,bajra
86,39,75,19.3777235,75.69330834,6.13782806,150.62324948,cardamom
91,59,45,28.10046306,72.72215971,7.00179264,142.57009694,soybean
19,7,9,27.255435,91.71369387,6.969883482999999,101.139435,orange
58,21,109,25.42877607,75.33148122,5.85093266,270.48167854,coconut
95,23,45,27.82424457,90.56698742,6.266208727,21.19014526,muskmelon
94,31,57,25.17128589,84.42397957,5.15961083,212.1455106,coffee
18,12,8,12.59093977,91.81668769,6.206053072,119.39167179999998,orange
100,56,28,20.99352241,56.71334403,6.51176758,112.6822531,wheat
0,17,30,35.47478322,47.97230503,6.279133738,97.79072474,mango
105,72,62,32.5389203,71.93461854,6.04112064,213.76846159,sugarcane
12,8,10,16.14820285,91.4448027,7.995848977,107.4287664,orange
75,51,37,19.34614587,56.53718126,7.24051941,53.51020269,wheat
11,61,21,18.62328774,23.02410338,5.532100554,135.33780330000002,kidneybeans
125,53,87,27.65118813,67.80437727,7.06483802,184.17218171,turmeric
135,43,16,23.47986888,81.73049149,6.720449769,86.76287924,cotton
120,20,45,25.66576039,88.6984228,6.114128685,54.22722466,watermelon
36,27,26,26.58413917,95.78923137,6.25449571,171.6262299,coconut
52,65,20,32.81705216,66.15665137,6.814301033,68.83924882,blackgram
19,57,23,23.6734328,47.2879691,7.342409555,141.12507219999995,pigeonpeas
99,56,17,24.10859207,73.13112261,6.234330356,71.07562236,maize
21,62,24,33.49077065,62.73317204,6.8473828910000005,65.45328463,blackgram
37,64,22,17.48189735,18.8251973,5.954665349,121.9401369,kidneybeans
60,36,43,23.43121862,83.06310136,5.286203711000001,219.9048349,rice
51,56,18,28.12787838,64.2097765,6.706505915,70.86340755,blackgram
113,40,75,28.22718874,75.39737409,6.10400804,200.88223655,coconut
85,30,23,16.47856733,55.25054876,7.18992435,105.01898471,wheat
120,26,66,23.97826098,71.56801674,6.12040307,173.70619988,tea
90,48,45,20.12196373,64.66026754,6.4928565,153.97984917,soybean
78,24,87,28.65636677,77.74326395,5.97191898,162.06076033,coconut
73,32,52,26.03912897,94.34654284,6.30508765,157.62011756,cardamom
75,39,31,22.22347633,45.84791948,7.47084482,65.62521876,mustard
78,43,36,24.71576085,34.61951146,7.38438772,104.51825086,jowar
40,70,20,31.80130272,45.03186173,5.623490042999999,147.03614419999997,pigeonpeas
88,45,73,25.19765065,86.61862701,6.86034979,101.78836014,banana
80,77,49,26.05433004,79.39654531,5.519088423,113.2297373,banana
168,45,46,25.4163385,80.58175244,6.02537383,120.73859412,sugarcane
37,77,20,25.93381964,68.70533022,7.080506001,51.02372773,lentil
92,36,74,24.4273821,64.3886521,6.04481367,240.1390998,coffee
89,46,84,31.0501502,78.1661775,6.46666014,260.04102273,coconut
89,37,75,31.38894329,47.99245456,7.03342958,68.26346584,cotton
121,64,69,27.16033072,67.35406708,6.74643237,238.34052457,sugarcane
68,31,45,19.96126221,44.756292,7.00869329,119.63705434,wheat
83,60,36,25.59704938,80.14509262,6.903985986,200.834898,rice
77,26,86,25.19711961,82.27831046,6.32627546,154.89709614,tea
55,35,21,31.66010164,52.94709378,7.16407619,104.35225253,groundnut
40,64,16,16.43340342,24.24045875,5.926676985,140.3717815,kidneybeans
139,57,78,26.73737568,85.58591381,6.50762827,206.49287703,sugarcane
95,58,98,31.13748282,82.88867473,7.36439038,244.86887533,banana
14,41,17,29.12939524,88.48312598,7.085982325,36.45012824,mungbean
40,16,35,31.89356292,49.02450149,6.4841522000000005,89.59371481,mango
67,20,27,34.39683543,38.5301112,5.85823118,51.52631783,bajra
108,38,24,23.41022496,76.43836957,7.442217061,78.82199603,cotton
47,37,24,25.48962506,52.19321479,6.5061767,70.13383553,bajra
94,5,55,28.5854649,91.89216849,6.085682343999999,26.88372572,muskmelon
53,36,55,25.40291828,69.18813683,5.95083832,165.86882696,coffee
52,50,28,23.27486478,52.38031864,7.22375666,142.81639436,soybean
103,27,31,27.15998538,51.59100753,6.691541233,126.1752206,coffee
112,73,48,29.244063800000006,77.32017166,5.7074889870000005,90.66727868,banana
23,30,44,20.93892916,85.42912869,6.12476108,103.0295938,pomegranate
70,21,111,29.66466911,77.27438335,6.23382195,131.37174402,coconut
65,20,43,18.32476246,57.63003401,7.5945312,55.52622621,mustard
74,40,40,25.13842773,83.12053888,6.386259977999999,169.33884650000005,jute
82,29,35,26.67377159,52.24226285,6.246872394,156.15438980000005,coffee
142,52,53,27.24698954,67.64695904,7.89047811,268.59769032,sugarcane
74,19,28,26.21197187,33.03957628,6.1343696,44.01747811,bajra
27,39,21,25.21855427,45.85122876,7.03851974,111.96617318,groundnut
2,61,20,22.13974653,23.02251117,5.95561668,76.64128258,kidneybeans
82,13,52,27.11535046,94.86907886,6.442810053,26.51924782,muskmelon
82,26,47,28.50416396,93.46806467,6.565312652999999,24.20007242,muskmelon
62,29,20,33.67167768,45.56047699,7.00292867,78.10626386,bajra
111,42,99,26.06300778,94.95309969,5.74134786,144.20570464,coconut
18,27,41,22.36509395,92.30882391,7.175344328,104.8216333,pomegranate
152,77,73,29.37240351,76.75112909,6.61736674,274.79031492,sugarcane
141,65,86,33.1231736,80.25590426,5.59373769,114.6761906,banana
94,33,43,24.21187128,58.45380373,7.22019962,100.23900539,soybean
33,14,8,21.03200078,92.9641969,7.684420446,110.6823944,orange
71,24,72,24.84019734,82.15667496,5.15444353,189.97895636,coffee
13,61,24,18.29783597,69.6897615,7.629910252999999,49.39111479,lentil
67,33,66,29.75269325,78.31035948,6.52980477,313.91580592,coconut
82,25,51,24.31334971,87.47409052,6.074209622000001,48.11248366,watermelon
102,32,83,23.11633219,76.51486386,5.67102095,183.00080172,tea
13,74,25,24.12192608,61.09533545,6.461618577,44.23629285,lentil
91,94,46,29.36792366,76.24900101,6.149934034,92.82840911,banana
27,48,34,28.32424507,65.62821634,7.1910079,117.55867608,groundnut
77,38,36,21.8652524,80.1923008,5.953933276,224.55501690000003,rice
6,8,11,24.35590861,92.39651663,6.600948787999999,119.6946577,orange
36,29,13,20.68185224,90.91510525,7.829507245,109.7513927,orange
7,74,17,22.47253208,62.56532471,5.667419697000001,96.74706956,pigeonpeas
84,7,51,26.81530456,87.65694462,6.399669044,55.74073582,watermelon
74,22,68,24.51393765,89.13676834,5.67267961,191.7389739,cardamom
80,27,45,25.44199289,34.24607618,6.06981484,73.70615012,jowar
116,42,98,25.84504664,77.91960219,6.01402383,176.51966826,coconut
80,29,87,29.81481488,77.99374916,6.5381802,157.87648293,coconut
19,39,17,29.2808618,81.8009244,6.890156495,44.47427436,mungbean
52,33,48,28.24348853,50.48212434,6.5473041,97.90026781,groundnut
39,24,14,30.55472573,90.90343769,7.189259647,106.0711985,orange
88,40,61,27.02037667,81.69825183,5.797095,228.15604835,tea
127,45,65,27.61385166,59.99259476,6.77920255,130.16250368,cotton
105,77,52,29.16226551,76.16151562,5.816622478999999,100.0075679,banana
50,32,20,28.74869852,39.56261283,6.00960922,35.01740286,bajra
113,85,45,27.94972463,76.63713353,6.037430836,109.0921631,banana
116,5,54,25.37601283,80.99313508,6.65398725,57.23028471,watermelon
37,18,12,10.2708877,90.19147747,7.401121811,106.69552040000002,orange
120,60,15,22.31871914,83.86129998,7.288377241,65.35747011,cotton
83,25,53,26.49195283,80.04678201,6.057697106,57.72799157,watermelon
55,47,44,25.32750589,72.04738353,7.1880667,139.15960439,soybean
117,43,25,24.68854799,78.51206972,7.839849298,69.31153566,cotton
156,42,82,29.70306045,76.9580697,7.95818989,154.86686793,sugarcane
27,56,22,19.91853092,20.70099804,5.833010957999999,108.6434544,kidneybeans
23,44,30,25.31185747,56.09786317,6.74815084,89.00106403,groundnut
20,7,45,18.90592319,89.24126808,6.077886012,112.4750941,pomegranate
80,47,93,33.79502664,72.94324224,6.56435752,317.69094691,coconut
92,63,53,29.00189953,88.78380009,6.40965341,136.13575537,turmeric
80,58,53,24.08336552,64.65301781,7.11702608,110.45278241,cotton
67,34,28,24.72601876,44.98435828,6.60285866,76.67252976,wheat
82,50,72,21.97621449,88.86345103,6.70986455,157.68695342,turmeric
42,55,24,23.19242386,50.07927423,6.27717351,69.69674873,groundnut
34,38,31,35.37775595,45.58110023,6.454045329,97.41586402,mango
107,60,20,21.66760137,41.53284404,7.18919301,57.01940702,wheat
31,20,30,32.17752026,54.01352682,6.207495815,91.88766069,mango
66,60,38,22.08576562,83.47038318,6.372576327000001,231.7364957,rice
33,121,203,22.45696744,94.76285385,5.6059340870000005,114.8407725,apple
31,35,23,30.30260453,47.18283631,7.707595055,68.04039813,mothbeans
83,10,53,24.92994759,85.00802358,6.195142279,48.75859458,watermelon
114,30,62,26.97974202,89.04195111,6.92849588,153.25193643,coconut
131,40,78,24.41683127,83.04328136,5.62825466,185.80669247,banana
86,95,49,28.05484146,78.04602887,6.458714879,108.3957179,banana
78,48,22,23.08974909,63.10459626,5.588650585,70.43473609,maize
115,11,46,24.41592661,89.39655519,6.623167177000001,40.32161859,watermelon
71,34,54,24.45886475,81.57116475,6.15743665,246.84944525,tea
92,53,78,27.50479003,72.33163345,6.5346355,120.19611358,banana
0,67,22,29.82112112,69.4073209,6.5937983870000005,51.56461082,lentil
63,28,39,32.56891457,52.57505056,7.83331966,76.70264258,jowar
124,40,77,25.20890139,76.72062227,6.73139879,218.34080472,banana
81,6,55,24.88910524,85.87059083,6.110142735,51.70699144,watermelon
26,80,18,19.32509638,23.3334788,5.581021521,104.7783947,kidneybeans
12,6,8,30.84835031,92.86773675,6.388617138,107.4142681,orange
72,15,31,27.18469579,34.67701491,6.18167718,85.22842199,bajra
50,43,30,25.07449241,66.11233658,6.6490603,67.90885887,groundnut
109,21,55,24.9004602,89.73524177,6.770278088,57.44942094,watermelon
78,55,26,22.40758582,62.46295349,7.47623311,142.54203074,soybean
88,21,79,34.17510207,74.55372148,5.67874329,249.18987346,coconut
103,60,52,24.11785778,59.88457667,7.96626282,163.10604981,cotton
4,134,200,28.57828803,80.95628959,5.840256272,73.34232097,grapes
6,123,203,12.7567962,81.62497448,6.130310493,66.77844567,grapes
50,56,76,20.99502153,19.8601304,7.966605025,73.50734019,chickpea
99,53,40,28.11474531,58.23880023,7.00371186,163.11049396,soybean
100,37,66,25.91378726,86.96999131,5.20096127,163.06587437,coffee
20,122,204,11.7976469,80.86325389,6.487369687,65.06962486,grapes
88,61,54,24.80108943,79.49510109,7.23256777,151.11365801,turmeric
131,53,36,34.35658416,59.44429599,6.74764568,61.27609238,cotton
27,79,82,17.06579293,17.54024066,6.307004922999999,70.87150577,chickpea
26,64,22,25.95058595,40.58227261,5.16516459,109.1821183,pigeonpeas
116,71,47,27.57278064,82.0638878,6.435785799,91.34276507,banana
23,142,197,39.06555518,82.03812973,6.000573725,69.30772897,grapes
105,23,49,28.28025864,76.46407235,6.20565123,224.31329862,tea
108,88,55,26.28845991,83.390039,5.891458107,113.8729798,banana
105,53,47,15.07340217,59.10413821,7.39638312,85.25631907,wheat
50,26,40,28.87590865,45.98508902,7.75621163,87.26906472,bajra
32,70,49,30.57401731,46.41097666,7.02957097,129.06234944,groundnut
48,43,23,15.07199799,46.18891239,6.18767224,69.95001473,mustard
52,63,48,22.41054694,46.04159178,6.70505392,127.08685217,groundnut
86,79,45,27.81251452,82.69285419,5.80766417,99.20961514,banana
99,40,32,24.18471151,69.94807345,7.0455430560000005,163.27087319999995,coffee
70,23,26,10.04925926,52.88342752,6.75385331,36.97610641,mustard
47,79,78,17.48395377,14.76014523,6.609696734,65.11365631,chickpea
63,23,25,28.05908104,48.96767396,7.21529765,40.54245202,jowar
102,14,52,26.79489868,89.64815231,6.51075991,57.74091817,watermelon
80,45,20,16.41571636,60.23318448,7.21594752,96.33264769,wheat
14,25,40,20.07386547,90.97819712,6.407872061,103.7084055,pomegranate
65,39,50,30.23752822,54.93263673,6.43530235,160.46773217,soybean
52,33,79,27.8093471,77.83946861,5.5482956,245.47161518,coffee
69,30,31,18.80837653,51.2114818,7.02539304,106.87190683,wheat
36,45,30,26.34469914,45.5201527,7.31290548,142.28810785,groundnut
24,53,17,28.95451232,89.07866095,6.421271178,57.65901369,mungbean
92,43,79,19.57060298,71.76279974,6.31324982,250.43520222,tea
70,68,55,42.84609252,94.63548176,6.691202286,78.80996390000001,papaya
89,25,54,24.69368934,85.56967628,6.353107392999999,48.99390828,watermelon
108,52,92,20.47343813,82.55355892,7.01178169,164.92439523,turmeric
7,15,32,25.03512351,95.89739958,6.182232762000001,174.796583,coconut
18,125,203,22.44307715,91.59234006,6.160267496,102.5565807,apple
4,6,7,23.01014302,91.11764246,6.708889665,112.6738296,orange
111,37,24,18.64428138,47.68720816,6.45011485,114.64926972,wheat
87,43,49,16.07227814,73.96847503,6.73423895,176.33665853,cardamom
85,53,38,24.90075709,73.84186449,6.588017308,153.8990984,jute
77,56,33,30.07950409,73.4502221,6.93681586,124.18260962,soybean
133,57,19,23.54234715,75.98203329,7.947011366,84.12536744,cotton
85,22,53,25.96534238,89.77076659,6.849471704,59.46338556,watermelon
86,40,39,25.72100868,88.16513579,6.207459637,175.60866969999995,jute
79,25,45,23.06224318,82.95246638,6.14211893,211.28053359,tea
27,59,20,28.00937423,52.60950014,4.397698806,36.01203025,mothbeans
69,51,36,24.90390708,64.63748993,6.82811132,58.40274186,wheat
81,26,45,24.45479836,52.51429518,7.81990928,95.12908299,mustard
55,28,66,22.75822522,79.46218799,5.46848886,228.31825113,coffee
68,62,50,33.20258348,92.76437927,6.977700268,197.5282582,papaya
76,47,101,34.94946876,87.46737314,7.19562952,130.04209191,coconut
74,38,47,26.70483203,60.37004136,5.92924996,173.19827124,cotton
33,120,205,35.12158265,82.26890793,5.550832177999999,69.71518491,grapes
19,79,19,20.06003985,67.76252583,6.677262562,42.89509057,lentil
110,70,48,28.24318767,68.73878786,7.66130402,81.44601207,cotton
37,23,28,25.61294367,94.3138837,5.7400545670000005,224.3206759,coconut
9,8,15,14.34320488,94.35734702,7.994465371,110.22231229999998,orange
101,37,18,22.92360984,82.68738535,7.63737841,92.91915074,cotton
42,41,44,15.19568167,47.65263513,6.25770655,75.19795743,mustard
34,76,80,20.65691793,15.84572566,7.985417393,65.23811143,chickpea
23,59,25,27.826262300000003,88.73100226,6.320768488,56.68833819,mungbean
80,48,37,23.22882058,67.15770466,6.75500037,73.83700843,soybean
77,47,113,29.69412926,87.49372173,6.93130773,232.19883718,coconut
62,30,48,21.19273672,71.08989258,6.1677682,166.20002992,coffee
13,60,25,17.13692774,20.59541693,5.68597166,128.256862,kidneybeans
25,64,20,33.15122581,32.45974539,4.807776748999999,105.03802749999998,pigeonpeas
83,11,53,29.54097171,92.91778307,6.163921247999999,21.9653077,muskmelon
102,11,45,29.03167341,93.12603235,6.35544263,24.15591199,muskmelon
60,55,36,26.12797248,80.49172597,7.132389299,150.6326874,jute
69,39,104,33.24892471,74.63531941,6.26789943,141.13748923,coconut
76,29,78,27.87606735,78.25126293,6.20842209,273.31743499,cardamom
81,30,31,24.65090184,51.93952357,7.027585558999999,135.1386537,coffee
97,50,41,24.52922681,80.54498576,7.070959995,260.2634026,rice
73,32,42,20.16058192,58.32196719,6.33241237,28.25283279,mustard
73,29,22,16.14182533,37.85953995,7.86808598,47.33460447,mustard
18,57,21,27.37659643,63.93927841,6.155915975,49.47371773,lentil
103,41,72,34.74920636,87.98716064,7.16137157,339.93533888,coconut
67,55,44,26.284017,75.14640198,7.251847296,182.2685447,jute
76,24,73,19.37365388,79.92920449,5.21502938,296.91708785,tea
4,43,18,29.02955344,61.09387478,8.840656256,72.98016599,mothbeans
22,69,24,27.52166047,64.44853879,7.19128479,69.13599146,groundnut
83,26,54,26.80920293,74.98333145,6.22154651,240.00298441,tea
32,79,15,23.90910104,20.74619325,5.706198621,81.60211243,kidneybeans
18,19,29,27.59376845,92.48519606,6.206077742000001,162.8432736,coconut
32,141,203,21.25941052,92.84416234,5.821347769,109.06584709999998,apple
90,44,90,27.84450203,75.85279705,5.71936251,245.28640612,tea
51,42,96,34.10994594,90.58637559,6.88398792,348.66094441,coconut
57,43,34,25.93196121,54.37423793,6.62825693,108.6953263,soybean
117,42,63,22.53690102,87.69246726,6.52079652,160.39430715,turmeric
76,38,102,29.22490816,73.05944553,5.57377128,151.07578531,coconut
12,61,19,19.33162606,24.13995025,5.655726817000001,68.51253427,kidneybeans
153,60,82,34.29039804,70.93713845,6.22491494,256.55106922,sugarcane
54,34,18,26.18591316,41.36579625,5.50738647,90.8562901,bajra
95,31,38,19.51405721,59.02888885,7.18926019,63.02459195,wheat
19,17,39,24.72485577,85.56083187,6.728599215,111.2787584,pomegranate
95,55,75,28.96117785,85.79305859,6.18562574,138.61948952,banana
101,28,52,26.0104514,62.83184319,6.00487749,186.69423828,coffee
59,22,37,32.83057525,54.37623607,5.89077825,78.6533079,bajra
97,29,27,27.74576987,54.36976075,7.205078785,139.8619431,coffee
106,44,50,21.40414436,65.86963193,6.25853207,173.378072,coffee
73,22,44,32.05848154,46.63190831,7.08262926,69.15930249,jowar
54,48,111,25.94406396,94.50187404,7.29248756,334.63918197,coconut
62,59,41,24.2248758,74.89465426,7.175170657000001,192.4931257,jute
36,43,24,27.09400578,43.65305437,3.510404312,41.53749535,mothbeans
86,40,64,27.65421814,87.9909,7.42710989,207.15026417,turmeric
8,50,21,28.62911222,89.11480590000002,6.218923893,50.49913241,mungbean
32,121,199,39.37102553,81.25353895,6.129812716,74.08101744,grapes
88,38,15,25.08239719,65.92195844,6.455116637000001,62.49190812,maize
113,54,85,34.93922063,77.25439675,7.24499661,122.46334266,banana
71,27,41,24.85124574,44.2068807,7.28639349,72.35716135,jowar
33,34,49,25.08388406,59.17781122,7.23808413,59.50396122,groundnut
35,67,49,41.31330062,91.1508798,6.617066674,239.7427554,papaya
93,46,56,19.33572914,88.54238003,6.66836357,280.24031265,cardamom
120,23,55,27.84492803,91.60666594,6.732049075,26.47844429,muskmelon
115,33,71,32.96646618,76.45033706,5.38992201,288.60644211,coconut
106,47,87,29.61684623,92.41508274,6.92044048,147.83554481,coconut
23,138,195,22.49095104,91.70292746,5.7959857160000015,124.3915101,apple
79,29,67,20.68891954,93.74215706,6.3339496,259.69783379,tea
35,135,199,21.77466746,80.54942557,6.400719746,69.39630398,grapes
105,37,60,31.1055918,51.78126835,6.90431113,138.78670213,cotton
31,51,25,27.53592929,85.57019009999998,7.196774236,53.01899249,mungbean
86,47,38,28.8916662,60.68374855,6.97338731,142.66143902,soybean
44,64,54,29.80744318,91.38048469,6.74274935,232.7046126,papaya
104,18,30,23.60301571,60.39647474,6.779832611000002,140.9370415,coffee
27,24,41,24.32770134,90.88292835,6.610251186,110.4606459,pomegranate
97,47,60,30.36639631,81.08270817,6.04902601,139.31524964,turmeric
89,42,68,32.88817669,80.95534635,6.68450101,234.47616824,coconut
120,44,72,18.71632716,79.13210888,5.8127763,291.06033977,tea
70,29,51,17.58592823,93.32190498,6.00072324,258.47473305,cardamom
100,38,49,31.31768331,70.47926973,6.41642018,79.66611074,soybean
27,57,24,27.33534897,43.35795962,6.09186275,142.33036769999995,pigeonpeas
99,57,38,24.80624984,82.09281674,6.356295567999999,156.3616174,jute
72,29,34,30.07557727,46.23934351,5.74836041,93.23501124,bajra
105,56,15,25.96779712,81.97904282,7.272316208999999,74.14169043,cotton
66,44,20,19.0781471,69.02298571,6.740000687999999,80.72515943,maize
36,54,46,42.54744013,94.94482086,6.662875839,214.41038480000003,papaya
109,53,45,24.35757563,60.94272946,7.29691696,77.89839296,wheat
95,36,68,26.85259163,82.97639802,5.3014791,141.0576246,coffee
8,26,36,18.78359608,87.4024767,6.804781106,102.5184759,pomegranate
35,69,23,16.78791503,24.96881755,5.578410206,75.45328039,kidneybeans
26,135,203,33.78372897,81.16314317,5.6851027689999984,74.53557341,grapes
90,54,27,15.32918483,48.93106359,6.85483441,115.89478021,wheat
117,34,25,24.83846178,56.7685316,7.21270048,124.4135035,coffee
16,73,19,18.41645629,34.80541039,4.684079249,163.27474730000003,pigeonpeas
37,67,40,25.80910505,54.90585853,6.05196831,99.44290078,groundnut
22,55,20,33.95309131,69.96100028,7.423530351,61.16350463,blackgram
65,62,51,31.53243779,90.87394933,6.5116248410000015,207.0735119,papaya
77,34,38,35.89892517,39.29248802,5.78323198,55.39240385,bajra
127,41,69,26.52052122,84.59221974,7.10183354,265.93660691,sugarcane
173,60,40,33.37839003,67.12812928,7.7382885,252.68827322,sugarcane
25,57,19,17.15432954,19.87070659,5.566522896,87.99669731,kidneybeans
23,35,18,26.4908332,47.36534833,5.414492777,36.99362831,mothbeans
32,38,24,31.86747556,47.67026713,7.05298904,84.17932796,bajra
61,22,112,30.76655471,92.24116963,7.43296312,269.87103362,coconut
120,48,16,22.46054478,75.40989245,7.456971816,71.85436078,cotton
17,57,21,19.88394011,20.31564139,5.789214288999999,60.91974792,kidneybeans
102,45,75,25.72780097,81.78737968,6.86690562,201.88297003,banana
4,40,21,28.79728147,80.45744422,6.725551062,44.30070517,mungbean
66,41,23,29.2014948,56.70227985,7.41080387,72.03189966,jowar
131,49,22,25.49848236,79.9751579,7.306918817000001,67.05961949,cotton
25,59,19,29.06631494,83.6869203,6.626629798,43.95183726,mungbean
53,74,15,29.43463808,64.94329356,7.517097,72.17818157,blackgram
69,45,24,33.62101348,57.61349058,5.52168127,112.34760532,jowar
40,121,199,26.18159716,81.03886263,6.315586313,66.05911698,grapes
93,47,78,15.65246877,72.81648173,6.60551161,168.9986967,cardamom
169,47,69,28.04699638,67.85021879,7.90646828,183.51316543,sugarcane
159,61,77,30.35745837,85.65292026,6.91241246,203.63496609,sugarcane
58,30,67,22.85037098,83.34198964,6.49468762,240.22174848,coffee
124,50,60,20.88134841,67.80283199,5.65888583,102.49340831,turmeric
103,39,43,23.75426366,40.30500616,6.08296307,109.74008684,wheat
67,20,42,19.30112988,71.75863082,5.52409751,233.39060745,cardamom
34,9,36,22.8122645,86.34233767,6.276038961,110.4432293,pomegranate
93,56,36,24.01497622,82.05687182,6.98435366,185.2773389,rice
33,59,19,23.19305333,62.74710773,7.641024177,49.55213308,lentil
13,64,20,19.1345771,62.57526895,6.590571088,36.46946971,lentil
115,53,63,26.63422205,78.64049147,6.90973494,133.17242055,sugarcane
23,45,21,31.46511256,51.79939437,8.985348193,74.44330654,mothbeans
90,40,56,21.43878549,80.68967617,5.47526251,167.99917583,coffee
38,61,21,30.27374995,67.38680755,4.696518678,127.7767134,pigeonpeas
98,44,54,16.2152985,92.68000821,6.1780642,280.84843303,cardamom
85,34,68,18.09212617,89.80467863,6.5853427,212.99249546,cardamom
59,70,84,17.3348681,18.74926979,7.550808267000001,82.61734721,chickpea
63,34,36,18.78604985,58.06209968,6.3486261,107.48604849,wheat
16,77,22,31.48469278,35.6395615,6.574209678,100.546816,pigeonpeas
40,42,47,31.45420795,60.40745027,6.68071371,117.52742869,groundnut
52,23,71,17.55582075,81.513424,5.48670816,227.51475023,cardamom
50,23,56,27.83779757,89.31250385,5.94460302,180.8038547,cardamom
70,44,19,23.31689124,73.4541537,5.852607099,94.29712821,maize
67,45,47,34.2616787,41.42173334,7.26552198,114.66583216,jowar
64,54,48,29.98251998,68.17063922,6.41017527,179.32357354,soybean
17,29,26,26.14162144,93.28415295,6.071897347,195.4115025,coconut
56,57,48,31.56213762,93.0484859,6.506120752,63.62250788,papaya
26,30,26,27.43800399,63.60138473,7.08478675,115.03851775,groundnut
139,60,59,22.59802759,55.03365964,6.0809201,159.60938459,cotton
12,39,21,28.99319096,62.85948245,8.183844843,70.4713043,mothbeans
108,22,47,28.53545677,91.72742702,6.161123579,25.1290048,muskmelon
51,43,57,18.61403772,82.77255665,5.78600114,162.5289616,cardamom
116,49,44,28.33784261,72.81870406,6.30156765,158.60624471,tea
29,36,37,24.93705313,67.53752513,6.21456389,68.90159372,groundnut
107,65,100,20.35153926,87.89193347,7.2043977,126.41116407,turmeric
105,60,23,23.53371386,77.21705554,6.207652157,87.54004943,cotton
10,59,22,28.60901145,86.99495766,7.1556850160000005,36.94616965,mungbean
53,24,26,26.10348891,49.28891481,7.73722813,89.47138769,bajra
22,79,17,21.42451099,20.39659714,5.912289889,116.5206923,kidneybeans
129,40,49,29.41295069,82.66904282,6.40941349,292.27449219,sugarcane
96,32,100,26.68281719,85.44267811,6.18284267,176.59610887,coconut
112,28,54,24.86094646,85.05318563,6.738030547,55.29563514,watermelon
9,66,21,30.11812084,34.13307843,5.719889876,157.0858232,pigeonpeas
87,27,106,29.29280249,79.14034581,7.13965652,334.58827237,coconut
68,41,16,21.77689322,57.80840636,6.158830619,102.0861694,maize
156,65,106,34.57284656,94.85407916,6.1273532,168.8310597,banana
74,48,17,21.63162756,60.27766379,6.430616465,69.21803098,maize
111,28,26,27.77363343,64.47858698,6.937352845,192.7121236,coffee
72,35,32,26.26328342,67.34574911,7.27254172,173.71345103,soybean
91,50,40,20.82477109,84.1341879,6.462391607000001,230.22422230000004,rice
117,43,30,23.60304563,63.95012082,6.74851218,89.51738868,wheat
69,43,38,31.06627813,65.46119305,7.43477488,160.52327839,soybean
61,35,75,17.93236514,76.69981543,6.26649687,211.95592006,cardamom
68,37,40,34.87539786,54.93627322,7.38977593,74.76166151,bajra
95,43,59,18.31437131,83.11356132,6.50659293,206.54387311,cardamom
87,38,29,25.20406808,57.88370456,6.652642579,156.1457255,coffee
58,43,25,14.50804221,56.85466158,6.33153445,61.77925731,mustard
111,50,15,25.16820129,80.30351815,7.884550475,84.62419032,cotton
66,69,47,23.69212243,93.61055571,6.912299695,87.53393983,papaya
78,32,46,20.92693308,54.49594723,6.38079555,143.26781417,soybean
86,57,28,28.74244753,70.14692168,7.07098333,150.11143258,soybean
85,58,41,21.77046169,80.31964408,7.038096361,226.6555374,rice
57,21,43,34.72725584,41.7176144,5.92570572,77.02983832,jowar
133,68,37,28.0045215,62.45936903,6.55947573,119.13560178,cotton
100,40,20,22.45145981,76.25674874,7.432043735,86.84998693,cotton
26,18,42,19.72620525,89.64934166,6.910374919,108.22872759999998,pomegranate
60,44,33,30.57747607,56.14926024,6.38570882,170.02309077,soybean
123,41,73,34.53134917,70.44156685,7.72049158,290.8159152,sugarcane
102,77,69,34.46139402,72.10861931,6.79225873,219.99878035,sugarcane
30,28,30,31.86641378,52.19331595,5.064613314,98.46768642,mango
54,43,39,32.15812726,48.03141926,5.75712159,100.11301213,jowar
14,58,17,30.53684308,59.96664731,4.605700542,33.48919022,mothbeans
27,30,5,32.71748548,90.54608254,7.656978112000001,113.328978,orange
163,45,48,34.88966336,67.19324238,7.67738881,289.1267859,sugarcane
120,56,82,24.68182514,87.19309878,7.98352447,252.12212244,sugarcane
39,30,33,26.8403188,53.82610315,6.55272985,95.18360573,groundnut
57,35,50,25.81374432,30.37906883,6.06794932,46.39312553,jowar
30,137,200,22.91430043,90.70475565,5.603413172000001,118.6044645,apple
104,40,60,19.47736355,72.62487991,5.98634057,122.93811116,coffee
23,62,85,18.97424756,19.5161216,8.490127142,80.7108745,chickpea
29,67,21,29.79181107,63.38789228,6.621323612,63.02169909,blackgram
95,27,55,28.47212559,91.21322065,6.160414414,20.88620369,muskmelon
63,30,35,11.84748148,52.39250296,7.68351135,30.98648935,mustard
77,51,44,23.25583402,82.7015932,7.124333547000001,166.2160846,jute
74,35,66,18.89603762,81.13970893,5.14709469,161.47299993,tea
94,42,46,23.48450017,48.04477118,6.00373115,58.18471103,wheat
80,42,42,14.06813861,47.58242255,6.13434471,89.99725817,mustard
89,22,24,13.19002746,54.43239431,6.22556951,97.77222058,mustard
27,120,200,21.45278675,90.74531921,6.1102188260000005,116.7036582,apple
75,53,18,20.68899915,59.4375337,6.864793607,103.651438,maize
96,51,117,30.5910405,81.51867309,7.04196743,164.02715692,banana
61,36,73,19.96187708,83.06166473,5.50085803,167.56855141,cardamom
78,22,45,24.47420291,85.06332089,5.65050847,186.08133994,tea
107,5,52,26.6634609,89.98405233,6.8814257460000015,57.40847165,watermelon
60,55,40,24.9949957,88.95692783,7.02777956,151.4935635,jute
30,70,79,20.26942271,19.96978871,7.313122235,69.64449182,chickpea
67,45,38,22.72791041,82.17068809999998,7.300410836,260.8875056,rice
55,36,74,21.97312425,64.46063675,5.50926947,181.23311463,coffee
94,89,48,28.55980972,84.51602322,5.653437902,111.0843029,banana
7,56,18,18.31357543,24.32991649,5.698371311,76.14153904,kidneybeans
29,41,21,31.49398069,62.84916863,8.86979671,64.56807592,mothbeans
91,12,46,24.64458469,85.49938185,6.343942518,48.31219031,watermelon
162,53,58,30.42396551,86.00395181,6.6610879,157.97475004,sugarcane
54,30,46,34.24066046,56.80986356,6.44429866,77.70117844,jowar
159,52,75,34.39806801,86.28287834,5.79822252,125.25643909,banana
106,85,53,27.1994597,78.80860679999998,5.91505509,99.72430835,banana
65,25,47,20.73832675,85.21083899,5.87427792,202.43092943,coffee
88,55,73,21.39768832,65.73163647,5.7808085,166.15162576,turmeric
60,45,79,22.8413981,77.76812085,5.9423352,222.289193,cardamom
70,37,26,23.48166732,57.4924508,6.89743807,159.17816391,soybean
83,22,41,31.2357446,50.30499274,7.82446046,80.4296251,jowar
70,65,52,30.42012134,93.12659793,6.583528529,75.95295,papaya
38,6,25,25.54963273,96.92786777,6.156259104,191.2996157,coconut
17,136,195,41.20733624,81.61051026,6.389783283,65.90227462,grapes
158,51,71,26.23509345,93.25589276,6.73819114,218.09980548,banana
55,31,52,26.99343526,65.24582343,5.32929255,142.72638414,coffee
96,40,90,28.8160401,79.68878353,5.83973639,246.41786006,coconut
88,33,38,18.99398117,54.59054692,6.7314223,61.86038398,wheat
8,60,18,31.21629982,46.01868196,3.808429173,53.1205277,mothbeans
116,39,69,26.21747214,75.15367416,6.29676705,146.57241555,turmeric
80,30,112,26.11916517,70.24683229,6.20471619,125.40257771,coconut
31,75,18,15.46789263,21.43780702,5.824208308999999,88.88796102,kidneybeans
29,139,205,23.64142354,93.74461474,6.155939452999999,116.6912176,apple
57,31,41,23.22618067,82.14042659,6.74084871,232.96456357,cardamom
112,49,25,25.68959532,77.90621048,6.470135478,66.19426787,cotton
113,66,48,26.18279227,55.63345108,6.80036407,164.37820657,cotton
34,60,23,20.12574053,24.96969858,5.659254981,100.0497183,kidneybeans
72,38,24,24.5157032,47.97100532,7.44804333,83.87210503,jowar
107,41,79,28.93493756,75.78828769,7.15206082,233.32677137,sugarcane
47,22,35,18.92840834,36.4737824,6.48539442,48.53783038,mustard
69,64,47,40.21199348,94.50766912,6.993473247000001,186.6762324,papaya
107,72,45,28.14938935,81.54448882,5.790768046,91.40508414,banana
35,38,19,25.32688786,63.18180319,9.112771682,32.71129281,mothbeans
17,58,25,31.12896766,43.58788762,6.455592696,32.76742894,mothbeans
54,21,38,34.35986574,44.68837795,7.20981189,80.40211221,jowar
40,50,46,31.05435628,43.56128616,6.89463461,60.9086361,jowar
82,30,80,29.81519734,92.65513734,7.39309484,283.96637154,coconut
95,88,52,28.00316034,78.90085998,6.235461772000001,94.68180316,banana
54,53,34,27.72955586,55.7418905,6.58700349,132.87142697,groundnut
148,79,82,33.2657127,89.07786694,6.76273221,189.62591155,sugarcane
25,37,42,27.54865186,53.54345567,7.01719416,70.17848904,groundnut
11,124,204,13.42988625,80.06633966,6.361141107000001,71.40043037,grapes
25,7,35,28.38503882,99.18843684,5.55771171,189.67113490000003,coconut
59,58,17,28.546224,66.31394098,7.368318809,62.83469851,blackgram
29,63,17,30.02629908,67.88811637,7.26154329,66.47264636,blackgram
120,47,79,27.05943576,85.21112023,6.01318065,179.79283085,tea
29,8,28,26.87037587,91.72546257,6.100429497,214.4128874,coconut
67,30,34,22.61989914,47.20549309,7.20641265,61.15431312,mustard
106,49,24,23.03887865,76.47039772,6.983395572999999,90.64770699,cotton
99,37,47,24.08549224,84.61400588,5.63148893,295.11764525,cardamom
23,65,48,24.68194778,48.33835622,6.0895107,75.1723291,groundnut
89,26,25,12.45373147,52.96151142,7.72915448,33.0379886,mustard
90,64,83,26.37352626,82.95835447,7.05270093,124.43505824,banana
37,126,196,23.59997268,90.97597665,5.596449493,107.17281909999998,apple
81,30,48,28.52379742,92.09688432,6.041027474,29.86681385,muskmelon
86,49,66,20.38697442,81.10313696,5.72406762,235.01512102,tea
70,35,25,22.3386521,62.10754708,6.64935733,117.43951323,soybean
67,43,39,26.04371967,84.96907151,5.9999690260000005,186.7536773,rice
12,71,19,24.91079638,60.71367427,7.142611056000002,42.19740397,lentil
79,39,45,33.52791359,41.49944497,6.94756341,51.69184929,jowar
89,45,36,21.32504158,80.47476396,6.442475375,185.4974732,rice
94,39,85,26.92088929,70.96026284,5.44906494,190.13582235,tea
92,55,29,30.5181097,54.7233392,7.11700247,127.97471003,soybean
50,55,25,31.35357668,74.58398826,6.45809859,124.7418986,soybean
6,124,200,22.98208095,93.84505029,5.971332179,109.5852253,apple
133,44,63,24.92497143,74.93167684,6.00698704,190.65939283,sugarcane
43,33,36,14.47725775,37.59644828,7.89628241,91.65155159,mustard
8,23,38,19.30106297,87.1775172,7.005410734,105.4766591,pomegranate
58,51,47,42.13473976,91.70445386,6.757470637000001,197.402901,papaya
33,22,31,33.06833708,44.61284729,7.09878231,63.97308903,bajra
121,66,89,24.77766358,75.05544439,7.18474484,108.50677509,banana
85,37,63,20.20624637,86.49350212,5.57028343,243.97941438,cardamom
82,75,55,27.34585147,78.48738349999998,6.281069505,92.15524332,banana
84,70,80,30.55728011,61.65877721,7.07953506,68.00891952,cotton
116,34,46,20.48452369,40.78877118,7.22696064,53.311072,wheat
28,79,16,24.70626432,60.26854183,6.0521848810000005,53.12442925,lentil
61,41,39,27.45791196,55.16934188,7.24573812,74.09683509,soybean
89,20,65,27.9137433,62.31638715,5.60813411,243.82767581,coffee
54,60,50,22.27109749,56.01098904,6.17252846,140.30407306,groundnut
81,27,68,28.7902956,90.20726283,6.26427941,275.51474795,tea
123,74,90,31.0995025,74.90568915,6.30822259,205.20742099,sugarcane
29,57,20,25.60973447,50.7330069,5.87707519,53.39249517,mothbeans
53,28,77,26.147272,71.52169127,5.69785405,158.51873986,coconut
57,60,17,26.23773129,67.88521396,7.504608385,73.58663968,blackgram
93,22,48,29.12533739,91.52291141,6.776987974,21.90440445,muskmelon
127,48,54,23.41064992,66.95105976,6.08896043,208.13900515,turmeric
153,71,64,33.28261176,82.08874487,7.04461564,238.96494583,sugarcane
71,41,92,33.87888342,92.54311135,5.14684755,196.84990218,coconut
88,45,61,31.97188944,74.36567006,6.44222996,131.08876508,banana
86,26,27,27.13140403,52.89368299,6.081172981,192.4280381,coffee
44,36,37,33.95442336,28.30995945,6.97132049,40.07885131,bajra
56,40,47,26.86810747,34.0103653,6.43077357,108.98226866,jowar
21,21,38,22.5526059,89.32594859999998,6.327673765,104.8955643,pomegranate
85,27,45,24.82341059,38.94437507,6.09205818,75.86097543,mustard
93,91,47,27.84767901,83.31110751,6.101241579,117.2878912,banana
52,43,42,27.86295695,67.14144924,6.47379354,153.85927319,soybean
79,39,26,25.20953033,35.61530807,6.71765454,84.81563632,bajra
5,21,38,22.43377991,90.3396556,6.107054807999999,112.459697,pomegranate
78,51,28,23.65432221,67.63476858,6.39231029,144.71175997,soybean
50,37,35,28.2451385,45.81879732,6.03002351,144.91269182,groundnut
36,66,15,30.08545364,69.34811988,6.668238556,67.1367443,blackgram
106,61,118,31.00232322,90.98189837,7.15729216,188.92238474,banana
8,45,18,27.93034941,85.42058715,7.011030515,43.25095608,mungbean
42,73,25,34.03679184,67.21113844,6.501869314,73.23573601,blackgram
125,38,61,30.8985597,67.75287673,5.6641618,149.25591564,cotton
64,43,47,26.81984178,67.63831261,6.8391311,136.04966671,soybean
108,23,67,29.10605919,78.53015705,5.65412416,223.16492403,coconut
144,68,86,31.96606704,87.92202896,6.10723792,190.65362499,banana
37,73,21,29.50304807,63.46513414,5.560224582999999,189.5208915,pigeonpeas
76,40,43,25.15745531,83.11713476,5.070175667,231.3843163,rice
79,41,65,27.21356969,92.95199779,5.40693546,280.00287522,coconut
28,67,21,21.79792649,63.73086065,6.250994222999999,46.62370222,lentil
64,15,32,27.0049887,45.15489931,6.6327341,38.15046607,bajra
11,18,42,21.57936934,94.88267728,5.938528744,102.8593382,pomegranate
106,58,103,30.71207337,82.41017183,6.53754344,139.35207199,banana
81,38,67,27.86576781,87.04103441,6.3547496,158.17253401,tea
110,57,78,26.30418574,88.29141428,5.55574763,134.04736087,turmeric
99,50,85,27.33714226,94.66751144,5.48439142,210.9050472,coconut
79,20,61,19.01611298,75.67155148,6.40298083,143.60877214,coffee
39,132,196,35.83089092,83.32560104,5.778594403,73.67984885,grapes
39,57,19,29.32379604,45.93248374,6.421748487,165.4113371,pigeonpeas
55,48,43,26.06497019,32.07278751,7.03734235,108.38117227,jowar
159,59,82,31.82368777,80.92660188,7.87237834,265.01348829,sugarcane
4,136,204,29.93707596,81.77713468,5.898944282,65.52279323,grapes
31,76,82,20.8248451,17.85057083,7.599279991,79.20509212,chickpea
40,18,43,19.38603815,86.79058496,5.767372539,109.91309840000002,pomegranate
91,38,36,26.5232969,77.17331847,7.287318722999999,157.8548562,jute
31,136,197,31.11047251,83.34010951,5.653776057999999,71.43001582,grapes
72,34,25,21.64349713,61.43571749,6.56380892,110.69013865,wheat
2,56,23,26.65333029,59.79023382,7.550090941,36.91852635,mothbeans
88,17,52,29.90415889,90.75284363,6.646962425,25.37828397,muskmelon
40,30,35,20.89273273,91.07776977,6.269663962999999,104.4407083,pomegranate
58,28,62,22.67877014,86.27159514,5.88917578,229.86946269,cardamom
77,30,74,33.44309882,80.7766713,5.79897727,238.68475951,coconut
11,40,23,29.61253065,63.04749127,5.80428611,50.1978269,mothbeans
90,50,98,34.68374991,74.48363465,7.1225051,122.82500065,banana
102,35,63,27.5371143,64.31574886,6.06235216,64.16476355,cotton
98,25,52,25.2801372,83.15393658,6.224066378,49.29456609,watermelon
108,89,53,29.55054817,78.06762846,5.808497603999999,99.34482238,banana
23,39,22,29.25649321,81.97952224,6.86483915,42.02483277,mungbean
117,45,41,32.31979309,62.40633938,6.74912066,147.14765863,cotton
74,48,62,18.86000731,73.02794842,5.59001861,171.79146531,cardamom
28,59,22,30.90607799,52.79913039,7.05181629,170.99198280000005,pigeonpeas
43,62,23,29.69052464,56.6988406,6.78280652,148.53437962,groundnut
57,23,68,22.04423883,85.19906515,5.23995628,173.73392844,coffee
97,41,98,27.7918892,76.72034117,5.86245801,111.63627816,turmeric
27,56,20,19.25975367,20.51346956,5.542690119,94.9533526,kidneybeans
89,58,35,23.98651719,82.09053379,6.096838784,167.0576456,jute
72,24,57,26.34889186,82.98859158,5.51002463,268.39271546,tea
139,60,88,25.12446505,87.94531548,5.92038364,242.46117187,banana
20,29,10,29.07412717,93.27189064,7.36549204,100.7896871,orange
77,39,45,24.23501699,67.9982321,6.53204994,157.05915998,soybean
16,143,204,23.71475278,91.53331177,5.631333387000001,121.8961665,apple
39,139,201,41.18664903,81.01783402,5.5399808120000005,68.68895899,grapes
129,43,16,25.5503704,77.85055621,6.73210948,78.58488484,cotton
30,65,82,20.71424384,15.27824066,7.103798069,76.77888672,chickpea
25,143,200,23.80436344,92.80441624,6.024248787,100.6192543,apple
89,41,38,23.12844351,74.68322732,6.344751947000001,199.83629130000003,jute
9,59,25,30.39321309,60.16299493,7.699200949,35.37493212,mothbeans
59,33,53,30.717457,72.36600617,6.16547267,77.28324902,soybean
115,36,29,21.99533802,61.1809339,6.96583313,90.65658419,wheat
84,39,35,23.17714381,52.13864034,6.959404135,117.3113562,coffee
56,62,25,31.29886434,57.46694931,6.66789631,127.33758349,groundnut
53,30,25,24.80682942,32.20820752,7.49982444,114.96399126,jowar
118,27,77,22.29837652,78.61372303,5.63660497,191.85722513,tea
24,70,21,19.14729038,45.3733757,5.517208078,132.7748215,pigeonpeas
90,30,49,25.79625577,86.53995497,6.0220134,158.81176994,tea
95,75,45,28.98333432,82.95958244,5.829898502000001,109.022564,banana
51,36,37,27.52151443,47.83825054,6.11751315,138.26950681,groundnut
50,29,20,19.51188019,35.9269463,6.04694661,32.89488976,mustard
19,36,22,25.44689075,58.55363573,6.16496284,57.04826619,mothbeans
31,32,42,24.44585509,56.84966948,7.46707657,56.22664638,groundnut
61,23,34,30.34782678,43.32867132,5.80114064,66.01097807,bajra
56,50,54,22.18504331,72.52054337,7.01283824,146.28664285,soybean
92,40,86,29.25343143,77.79478396,6.00400774,141.1969297,banana
81,20,74,18.59597223,91.48398922,5.0319633,266.99649321,tea
22,71,17,18.15300153,19.38602098,5.509295379,107.6907964,kidneybeans
39,16,27,35.53845018,52.94641947,4.934964765,91.54560427,mango
49,55,53,38.4418717,93.63739039,6.544029776,77.71566883,papaya
145,45,107,24.47161678,74.54045515,7.15085609,104.50167004,banana
118,48,50,20.5458086,53.45490236,6.49896928,60.39501756,wheat
78,43,22,28.32778564,33.4394865,5.89704553,59.65240613,jowar
138,54,44,22.32469294,48.97883615,7.24337101,173.39882377,cotton
31,68,45,42.92325255,90.07600528,6.938313356,196.2408242,papaya
97,47,78,15.48100668,71.13410784,5.64828781,237.5268238,cardamom
36,35,19,35.4593766,42.35029432,5.7745456,53.12108822,bajra
68,60,37,23.4914251,47.45680279,7.16132155,80.64938822,wheat
113,21,33,26.02241444,55.83288958,7.277422737999999,176.90209240000004,coffee
53,44,62,20.14548478,75.58066424,5.59200358,285.71363954,cardamom
84,30,48,23.67523297,55.99687854,6.29748078,52.72473075,wheat
62,30,39,27.09822579,45.89644528,7.505358,111.88629016,jowar
95,32,52,31.28601611,52.77977268,6.89548371,110.84652971,soybean
6,128,200,25.96308415,82.57813624,5.838748311,70.31782647,grapes
45,69,29,27.98119721,51.53924817,7.39478002,120.60652656,groundnut
60,52,49,28.16471419,68.47378437,7.22505978,142.90218514,soybean
99,23,88,34.51709606,76.59006813,6.92059269,121.65946666,coconut
71,54,35,26.63952463,70.95705996,7.311077075,199.3355744,jute
40,22,29,27.55821802,99.98187601,5.735364307,174.62564809999995,coconut
61,32,45,26.84458859,87.3072799,6.43345947,245.97664167,coffee
29,140,195,23.64082979,90.95257927,5.560521058,116.7431319,apple
85,25,47,26.11440416,87.64081095,6.29542477,58.48160844,watermelon
103,51,99,31.78680432,93.59905408,6.29610685,133.70056455,banana
118,40,35,26.35034208,58.50650238,7.460174812000001,121.5586297,coffee
106,42,50,29.97061368,81.71559721,5.87029535,168.15567548,tea
100,52,43,31.52025872,59.78296988,7.01229875,152.22223889,soybean
107,60,117,30.59197125,78.06783534,6.57515867,229.75155093,banana
99,62,79,31.62040831,83.36652287,5.70688543,195.73950282,turmeric
86,60,49,21.37824494,44.09229003,7.40651679,118.65675228,wheat
35,18,26,31.99490489,50.84881347,5.279388967,97.38741498,mango
118,65,83,30.41120525,67.56369898,7.0443182,241.16115749,sugarcane
18,21,35,23.2801227,94.94330457,6.368560522,111.1382096,pomegranate
58,73,16,33.36984395,65.67718163,6.874142175,64.89517488,blackgram
99,53,39,32.70207544,65.9256317,6.52227037,120.33999345,cotton
59,47,53,32.86316618,91.4618874,6.8506632320000005,47.271547,papaya
62,42,39,26.95293254,44.45108071,6.14625228,51.44610011,jowar
99,57,35,26.75754171,81.17734011,5.960370061,272.29990560000005,rice
5,55,18,33.50876355,45.70976142,7.322097972000001,126.6738117,pigeonpeas
4,20,41,24.26601316,93.7974061,6.537042717,104.5375109,pomegranate
86,31,53,27.14746813,58.78664447,7.05685089,158.82345054,soybean
18,26,31,32.611261400000004,47.74916499,5.418475257000001,91.10190759,mango
16,145,199,26.91624843,80.76838926,5.953966361,69.30927185,grapes
113,70,40,24.40151912,80.11022654,7.19883368,145.23098346,sugarcane
95,39,36,23.86330467,83.15250801,5.561398642,285.2493645,rice
15,6,41,19.0087067,88.83768149,6.8973684770000006,108.6793978,pomegranate
88,44,82,20.2274856,84.95863613,4.93574954,299.41027261,tea
18,9,40,19.44623085,89.02127045,5.627186257000001,106.1606833,pomegranate
80,41,63,31.1011345,81.64257207,6.61727519,219.76243493,turmeric
140,40,98,26.2558815,80.21858429,6.41970292,152.30470979,banana
82,18,48,29.09588297,94.16748386,6.1590508160000015,26.70581328,muskmelon
114,38,62,25.90520042,75.06858777,6.01542264,195.61920419,tea
26,126,195,21.41363812,92.99124545,5.878568981,118.3979065,apple
63,44,41,24.17298839,83.7287574,5.583370042,257.0343554,rice
85,21,47,29.87331077,90.60932469,6.186770318,24.69720481,muskmelon
35,43,42,31.86910634,59.05101941,7.06864915,93.89261178,groundnut
96,54,22,25.70196694,61.33450447,6.960358276,83.20711308,maize
110,28,46,24.29105004,88.04541346,6.49889585,51.26046418,watermelon
111,47,29,16.88254445,44.22859074,7.36285152,82.3073435,wheat
149,74,76,25.3399893,82.80721394,7.25990676,191.59194476,sugarcane
42,32,40,30.82691394,50.21867868,6.11484899,103.95244732,groundnut
80,62,76,25.09326938,58.1844391,5.9355871,174.3263165,cotton
89,21,54,24.7089424,73.29113556,5.09518224,190.39786315,cardamom
88,43,71,27.66622109,89.66438532,6.3085516,126.08587298,coconut
107,28,89,27.1775889,79.7782991,6.43737556,169.26761018,tea
1,30,10,11.89925671,91.34663797,7.291405641,103.5771468,orange
38,141,198,13.05809741,80.28297993,5.757009965,70.75633584,grapes
113,30,50,26.03967219,83.9862443,6.277484042999999,43.87712348,watermelon
113,37,20,25.03300222,79.04368718,7.393441155,97.10087029,cotton
26,52,23,29.98835437,49.60384796,4.931890506,52.92929636,mothbeans
69,35,73,19.83776037,87.78571308,5.9461339,228.29371974,coffee
103,39,40,19.95115319,58.99388632,6.80145212,78.59892978,wheat
69,57,35,24.30748599,78.54340987,6.1868143920000005,186.2337571,jute
7,73,25,27.52185591,63.13215259,7.28805662,45.20841071,lentil
117,45,35,15.52512761,41.52211259,6.03368048,115.65475565,wheat
40,68,17,34.1262979,65.14877461,7.733149554,70.40795007,blackgram
63,35,16,22.02720976,65.35549924,6.272417541,83.73280082,maize
60,55,44,23.00445915,82.3207629,7.840207144,263.9642476,rice
63,35,52,19.63224664,92.53289795,5.7093344,234.48371577,cardamom
53,41,87,33.97309533,93.93660857,7.12571833,190.38542499,coconut
111,32,34,25.46743689,69.35161206,6.392048018,171.37644619999998,coffee
24,70,16,25.17885316,68.93307305,6.54803469,35.03484812,lentil
120,65,44,31.17134957,85.3761582,6.93253301,294.2102053,sugarcane
110,41,61,27.67732976,77.70279117,6.17141142,146.29592525,banana
89,24,43,20.57110256,57.65595513,6.08622324,81.03906923,mustard
25,132,198,22.31944084,90.85174383,5.732757516,100.1173443,apple
50,60,47,32.57720726,92.74889453,6.92791761,93.7942847,papaya
102,49,21,24.69315538,84.84422454,6.253343655,89.799462,cotton
100,80,52,27.53911354,77.25629897,6.049801781,110.3262123,banana
53,27,21,28.57612677,56.48010993,6.3746766,40.86722383,jowar
2,123,205,22.36629253,90.78572467,5.739652177000001,124.9831618,apple
120,47,40,24.21895543,79.95558957,6.04342532,282.32101139,tea
69,60,37,25.36182985,56.10455576,7.41308145,69.04994764,soybean
89,53,60,25.79554585,82.19054235,7.41146979,149.67022747,turmeric
65,60,43,21.97199397,81.89918197,5.658169482000001,227.3637009,rice
43,64,47,38.58954491,91.58076549,6.8256647820000005,102.2708231,papaya
122,59,18,23.5000992,83.63488952,6.219469084,79.81328183,cotton
98,61,100,28.75965122,83.89733981,6.16761406,136.95491834,banana
89,23,95,31.68421853,93.47379189,5.81437217,284.74245398,coconut
83,33,116,25.75689016,79.61496785,5.93845417,274.06298447,coconut
61,26,26,28.80440174,53.56805506,7.39520166,48.21134194,jowar
79,32,71,21.9145252,79.18185066,5.38849302,217.82142921,cardamom
9,60,21,29.94413861,67.31323084,7.52178027,40.37113729,lentil
70,39,58,33.32458451,60.2715367,7.696212,171.755958,cotton
79,38,41,24.06657436,83.70505358,5.68793422,163.28404807,coffee
115,47,61,32.05912441,57.8062768,7.55945141,141.46503641,cotton
112,25,51,25.04746944,85.5667282,6.932537231,56.72496677,watermelon
94,46,35,26.0856156,56.97345568,7.2121894,161.26121589,soybean
102,45,61,31.32345152,91.88985945,5.19459348,319.62314916,coconut
36,65,16,25.71269843,64.1123333,7.692013657,50.17067771,lentil
120,59,24,22.65786736,60.92100872,6.06000182,55.70980824,wheat
0,18,14,29.77149434,92.00719952,7.207991261,114.41617859999998,orange
35,145,195,22.03911546,94.58075845,6.231950009,110.9804014,apple
44,75,22,30.0328403,64.14800537,7.574561547,71.21006868,blackgram
77,23,20,25.65269759,39.44698285,6.64408593,63.60220211,bajra
166,68,88,25.61279919,85.35057318,7.75518265,139.58496231,sugarcane
114,59,44,30.43362737,68.10281495,6.15734165,81.6299057,cotton
8,26,26,25.54759871,91.64194826,5.702484758,212.867626,coconut
102,73,52,27.9122104,83.36307683,6.356090905,90.24211529,banana
91,53,40,26.52723513,81.41753846,5.386167788,264.6148697,rice
163,77,79,24.3581534,82.99324709,7.56819701,204.91740795,sugarcane
83,9,45,25.85483596,89.13163965,6.049609892,46.85176955,watermelon
47,36,36,34.72748325,29.24440489,5.52143689,33.77310608,bajra
84,29,49,29.94349168,93.90741192,6.251420275,20.39020503,muskmelon
2,72,18,26.57597546,60.97876599,7.836719564,50.89110726,lentil
38,40,40,26.58965559,49.18230304,7.15871004,61.20073019,bajra
160,68,67,29.02506539,81.02277344,6.07578197,186.37759565,sugarcane
66,49,82,27.05441309,70.65735561,6.25785794,220.92509671,tea
118,18,32,27.6496114,51.11044023,6.351823783,122.8392822,coffee
117,76,62,24.57969023,65.45753928,6.27448808,214.73494694,sugarcane
119,65,53,23.38645144,78.77947695,6.55328619,152.1936361,turmeric
50,31,67,18.42536169,77.22154226,6.54126363,208.3870256,cardamom
53,29,21,27.47459175,49.18758277,5.59107532,44.86908987,bajra
13,30,37,20.86474944,91.61793636,6.277148771,106.8685636,pomegranate
61,48,62,18.67424747,79.68478771,5.91599371,207.36548871,tea
80,40,38,21.8916874,42.59109269,7.99490359,49.01627786,mustard
27,63,19,20.93409877,21.1893007,5.562201934,133.1914419,kidneybeans
139,73,52,31.77896215,75.88497638,6.8197216,144.8042312,sugarcane
41,34,24,18.84361777,41.78210915,7.47936748,76.10058208,mustard
120,55,49,28.5884683,87.25653089,6.57897939,195.11249084,sugarcane
44,58,18,28.03644051,65.06601664,6.814410927999999,72.49507741,blackgram
26,73,21,31.33170829,57.97429171,4.946263888,161.7820226,pigeonpeas
39,76,76,19.96837462,15.57324389,8.135900726000001,69.15759062,chickpea
113,36,86,22.85710152,89.69268284,5.98059076,218.26729765,tea
96,46,22,20.58314011,69.00128641,6.499936446,66.29390357,maize
82,34,28,21.13389762,53.26379267,6.24421002,36.41416203,mustard
72,51,40,23.20683504,74.09956958,7.422318499,199.4766779,jute
80,53,35,32.95731059,48.50856196,6.02947533,108.21109432,cotton
15,36,27,27.78912455,53.96886679,5.6437102160000014,91.01152997,mango
103,35,68,25.05387906,80.17649604,5.08078142,237.88818042,coffee
75,56,44,25.2746335,73.7459581,6.109478059,168.0432282,jute
80,35,17,34.51585208,43.67831698,6.34746198,46.18285151,bajra
95,28,66,21.88059144,82.4557105,6.74510559,191.98054916,cardamom
7,79,23,19.6365349,19.68751084,5.821649914,96.65888933,kidneybeans
86,33,60,19.81825958,78.62019844,5.50159791,200.00549615,tea
82,23,100,32.35440939,77.92860988,6.82193088,175.64266262,coconut
54,55,30,31.51236842,50.44566162,7.46851595,112.95296548,groundnut
29,75,75,19.62416326,18.71483156,7.064790365,88.4585692,chickpea
173,61,57,25.06504041,65.19459259,7.60598053,124.29345643,sugarcane
32,130,196,40.66012294,81.24995984,6.372959542,74.03030056,grapes
67,68,49,35.26824831,92.38282957,6.821774589,149.8488208,papaya
52,22,40,36.05680489,44.59428499,7.08082766,74.22219524,bajra
34,71,79,17.927806,15.85622899,7.728998197,74.63872762,chickpea
4,44,19,27.95639663,83.52706038,6.921993877999999,43.25726752,mungbean
55,67,16,34.37329112,69.69366426,6.596719015,70.27184748,blackgram
35,66,81,19.37101121,15.77458129,6.138243973,85.24819851,chickpea
27,80,15,19.07096165,21.21092266,5.7883869510000014,86.21917578,kidneybeans
31,56,23,31.46846241,35.39454002,5.661826398,174.5723999,pigeonpeas
67,60,38,24.79853023,78.53037059,7.16214284,162.2847429,jute
12,20,39,19.86173586,86.19740917,6.026999326,111.0217929,pomegranate
120,54,46,30.90513554,63.24396484,5.86854416,126.77261817,cotton
27,80,24,28.42062847,61.77336343,7.815210661,49.02366803,lentil
83,34,28,18.19156792,41.83859486,6.12609562,66.29087802,wheat
111,40,25,24.48469200000001,84.44932014,6.187455798999999,90.94342484,cotton
68,44,43,27.44130873,57.38973909,7.44791051,111.88315003,soybean
76,41,45,24.84725133,55.46646562,6.45860428,60.55739609,wheat
6,142,202,27.23708304,82.94573346,6.224542938,70.42508897,grapes
54,19,38,26.03978233,45.35357346,6.27828572,52.43438847,bajra
10,18,35,27.79797651,99.64573002,6.381975465,181.6942283,coconut
34,60,16,31.35730791,64.24992106,7.322555222999999,63.85668948,blackgram
43,79,79,19.40751744,18.98030507,7.8067476560000015,80.25064637,chickpea
103,32,52,24.24778494,78.18402285,6.05290719,217.47770659,tea
29,44,20,30.04132304,63.56222995,8.620107545,31.83192392,mothbeans
150,62,86,32.43029491,83.90913219,7.59454137,265.25392433,sugarcane
56,75,15,30.20157245,60.06534859,7.152272256,66.37171179,blackgram
28,58,24,19.72702528,18.28173015,5.748190462999999,143.7630894,kidneybeans
81,59,25,24.42616073,68.26880478,6.4334652,104.06610062,soybean
139,36,80,32.13595792,58.41700515,7.23357369,101.54078421,cotton
33,29,34,31.40948821,49.21729127,6.832979508999999,92.99739415,mango
98,26,49,27.29035669,90.53330091,6.130160472999999,23.49535234,muskmelon
65,46,32,12.29475038,42.74754701,6.39151275,89.51615898,mustard
60,48,39,24.28209415,80.30025587,7.042299068999999,231.0863347,rice
83,26,78,27.93551702,82.55241594,5.8785624,120.05453697,coffee
80,46,67,22.72906301,85.17423976,7.46965645,201.13042324,turmeric
80,39,72,27.91654167,61.87758691,5.74535548,220.98046207,coffee
9,8,40,22.48720144,89.9224883,6.553509673,111.6631582,pomegranate
117,35,34,16.12873015,56.96985551,6.18727813,91.00010799,wheat
90,14,52,24.84740848,89.20454622,6.391858432,59.67927244,watermelon
69,37,66,20.81843166,72.62106895,6.09676625,139.44952763,coffee
145,74,71,29.82609807,82.95124028,6.17636489,273.64718821,sugarcane
117,37,47,19.13739966,83.67285051,6.14606767,228.58129075,tea
60,43,44,21.01944696,82.95221726,7.416245107000001,298.40184710000005,rice
37,74,15,24.92360104,18.22590825,5.582178402,62.7089169,kidneybeans
66,31,95,31.0119123,72.56007995,5.34897015,131.54404652,coconut
60,57,24,18.66116213,61.55327249,6.1212940410000005,75.03247667,maize
90,32,23,16.02694264,56.88414207,6.76593699,60.44130563,wheat
35,19,27,25.26512597,46.81893269,7.82084201,39.00449915,bajra
40,24,25,28.70595247,50.44030129,5.445008416,95.8946444,mango
134,67,86,33.18614371,91.53602814,6.25640871,113.74015516,banana
175,64,64,34.67907321,81.75287948,6.4897443,229.35300764,sugarcane
36,25,33,27.98392787,53.33018851,5.548584852,99.61465679,mango
58,30,50,29.66997012,59.62307182,5.60818201,67.87771547,jowar
32,70,39,25.70412476,49.01804449,6.65360681,120.73075951,groundnut
64,49,39,11.82623688,51.95278569,6.7350359,85.61702041,mustard
125,48,44,30.92116868,47.93322106,6.41903384,160.14731557,cotton
12,27,26,29.09382275,45.5661059,5.32307197,96.23520043,mango
63,27,51,19.12694764,74.62453395,6.15978032,264.51828405,cardamom
89,36,79,21.60532317,73.33140353,6.79564764,198.72567593,cardamom
21,38,21,29.75538903,86.45193297,6.637677489,37.54602719,mungbean
79,34,23,25.44506708,48.6665388,5.63204607,46.90823712,jowar
111,15,54,27.7058373,92.91185695,6.194090172,22.06207161,muskmelon
40,59,23,36.89163721,62.73178224,5.269084669,163.7266551,pigeonpeas
72,52,71,23.38924926,79.75241472,5.52381683,149.30566613,turmeric
8,25,36,19.91330523,94.95031368,6.828522375,104.0277061,pomegranate
72,31,44,19.58161972,63.40816947,7.38440638,68.69076531,wheat
81,37,23,21.37727045,53.83902315,6.69292896,52.67409203,wheat
55,40,26,25.75679629,56.67142205,6.25238036,47.02425802,jowar
116,57,55,25.56171334,80.39605252,7.78667833,136.55523327,sugarcane
58,22,22,27.92695741,47.02977209,6.00853313,63.84868175,bajra
49,68,22,28.56840626,61.53278622,7.127064207,63.49726331,blackgram
32,56,18,20.0467711,65.84395319,7.135251532000001,46.05333124,lentil
29,128,198,22.44075021,92.70785115,5.685062404,121.4977331,apple
29,68,45,27.09916089,68.94532678,6.08799442,124.4005899,groundnut
66,34,40,29.37410364,30.92657191,7.8823276,55.21978583,jowar
75,56,18,19.39851734,62.35750641,5.696205468,60.95197486,maize
85,44,95,30.55179132,87.19589098,5.90256942,279.156267,coconut
32,57,22,28.6899851,87.50436797,6.769415887999999,44.56598352,mungbean
1,62,23,15.43546065,18.37477907,5.607808432000001,139.0302034,kidneybeans
20,73,22,16.03768615,22.33195853,5.976312537999999,130.3900798,kidneybeans
100,48,74,28.98478107,67.1627746,7.11165533,153.93145076,turmeric
78,25,29,35.70118478,27.63675968,6.3676659,76.54556257,bajra
74,41,77,27.99245162,94.51077528,5.81788878,176.86116788,cardamom
9,17,32,25.94951662,93.40548703,5.842317989,172.0540491,coconut
3,72,24,36.51268371,57.92887167,6.03160778,122.6539694,pigeonpeas
39,73,24,25.65842532,61.18235808,7.22405917,69.28607828,blackgram
91,84,52,29.14827211,78.71024836,6.390741836,117.536781,banana
73,38,35,34.62330658,55.47335769,5.91241687,108.92893897,cotton
74,24,64,28.80115601,71.66653729,5.64499228,145.20338438,coconut
76,49,42,24.958779,84.47963372,5.206373153,196.95600080000003,rice
40,136,202,22.85267372,94.57645809999998,5.935336307999999,117.53140259999998,apple
130,66,56,29.03839172,58.03887821,6.12018688,132.15336363,cotton
118,27,78,26.89904415,89.83547884,5.65465418,199.31744312,tea
80,46,118,28.69391973,77.08233932,6.07707782,172.39896064,banana
115,46,118,24.53085645,86.64334718,7.22448363,114.10095664,banana
37,30,34,27.53907547,53.63549533,6.797779227,99.35408185,mango
83,44,119,32.85140522,71.10178601,6.62296762,291.35513502,coconut
55,33,33,27.9320395,49.08906814,6.32128736,97.87810148,groundnut
25,121,201,30.50734778,82.71775569,5.594240602999999,70.08200379,grapes
95,64,81,34.399123,75.90759721,7.36384211,113.66417092,banana
122,61,101,26.02245615,78.10091055,5.62937412,150.19743466,banana
82,47,53,19.75119829,84.40958293,6.05185677,155.19822744,tea
22,144,196,21.91191314,91.68748063,6.4992268210000015,117.0761277,apple
37,52,47,43.08022702,93.90305729,6.54277684,211.8529059,papaya
86,40,41,24.18875822,53.87627838,7.29785048,143.91914563,soybean
113,34,23,19.80851045,46.00445419,6.95368807,50.01160576,wheat
39,64,53,23.012401800000006,91.07355541,6.598860305,208.3357976,papaya
25,63,20,15.78601387,21.14544088,5.502999119,95.17028129,kidneybeans
28,72,84,18.72963144,19.18197264,6.481783042999999,71.58010169,chickpea
104,36,78,20.66473034,73.86504896,6.20789114,146.82609125,coffee
91,7,53,25.13735887,89.28272716,6.457216535,43.52897517,watermelon
90,46,42,23.97898217,81.45061596,7.50283396,250.0832336,rice
35,128,205,21.07273439,93.56585985,6.041053829,107.8737015,apple
142,43,95,24.58259585,86.2486052,5.94166653,183.30417938,banana
69,38,32,20.60029997,61.54961455,7.10285156,148.47151974,soybean
82,49,41,17.33136686,35.89491516,6.10714224,87.47006377,mustard
88,57,64,28.39225041,87.53048763,6.14073578,123.17329831,turmeric
85,32,68,26.48798085,70.5936925,5.15400888,178.71400307,cardamom
90,51,65,31.25538138,83.00182891,5.78306268,172.70751168,turmeric
92,49,51,22.63377778,87.47732772,6.63312959,224.44045507,cardamom
91,31,73,32.90543714,88.08739255,5.58541237,314.67958935,coconut
100,43,77,24.60858664,66.47555167,5.79710571,211.46817885,turmeric
85,40,73,25.02347716,79.78382877,6.29338362,249.28757017,tea
61,44,17,26.10018422,71.57476937,6.931756557999999,102.2662445,maize
120,68,82,33.03616254,81.35289069,6.44070389,130.62008944,banana
89,9,47,29.47156259,90.77069618,6.6683827660000015,28.75226067,muskmelon
62,48,20,21.70181447,60.47470519,6.708446922,95.71388473,maize
89,60,19,25.19192419,66.69029010000001,5.913664501,78.06639649,maize
90,41,48,25.67465118,74.1971837,6.89425985,85.01891436,soybean
62,34,29,32.83232052,53.66211225,7.65549229,98.45190528,bajra
89,23,57,21.1132968,63.72296649,5.31223265,220.60407735,coffee
119,43,67,24.87833356,86.07447866,5.95703683,134.32233519,turmeric
61,50,70,25.10018741,81.15611664,6.97005699,268.35546382,coconut
77,35,35,25.67187772,32.74859236,7.75509705,49.26164732,bajra
114,21,49,24.89804253,74.44821503,4.95178093,297.49520847,tea
94,65,62,25.26080603,71.36533448,5.84788373,116.51481054,turmeric
72,40,38,20.41447029,82.20802629,7.592490617,245.1511304,rice
40,126,201,11.36300891,80.03100049,6.116982944,71.18289431,grapes
87,60,100,23.27217481,77.72351978,6.38159085,218.19777176,turmeric
80,90,47,26.59743595,79.35898915,6.21084479,107.3944717,banana
96,52,79,28.78703245,68.0482486,5.69420041,163.6047945,cotton
87,34,56,24.54856276,88.10642959,5.99386227,179.51945581,cardamom
100,24,28,25.59535262,57.72920846,7.101661011,195.7733251,coffee
29,144,204,22.43324518,92.48667725,5.800448951,119.1025189,apple
70,41,86,18.30081858,80.73328603,5.56276588,172.55346863,tea
60,38,17,18.41932981,64.23580251,6.474476516,76.41312437,maize
136,60,90,26.75887288,93.63021906,7.10267808,173.53569255,banana
29,72,24,23.17409556,36.67847052,6.962386495,162.5931264,pigeonpeas
125,44,57,30.28547158,75.32196623,6.365048,226.29108587,sugarcane
60,45,76,29.7155031,87.23164762,6.0522837,207.36039158,tea
77,40,35,29.39353967,46.09151903,6.40833427,85.25275283,jowar
97,25,47,25.4692275,63.34750193,5.49803218,177.14291799,coffee
104,40,87,29.03662574,77.90782782,6.62018549,168.77853695,banana
62,24,20,30.19191701,54.89900829,6.63345847,49.09801313,bajra
63,58,47,26.83054058,90.75379971,6.864143752,144.66564440000005,papaya
68,45,26,16.41686798,59.89102065,7.30560639,69.58452651,wheat
46,28,34,34.7833302,54.53327287,5.92092768,79.94650779,jowar
26,67,16,29.10713092,67.90577375,7.17620823,67.83345933,blackgram
75,25,20,34.15684099,50.1778098,5.66556532,55.48133703,bajra
48,57,54,29.02328049,90.20396783,6.617703177999999,126.8069869,papaya
64,47,29,12.6679379,47.87448224,6.55233211,53.20731939,mustard
88,39,29,10.47623551,40.98249935,7.34834963,52.32990223,mustard
154,62,88,33.14990457,79.23572463,6.94893826,299.93925088,sugarcane
30,75,25,30.33276599,42.35249879,6.446091759,149.299952,pigeonpeas
44,76,22,27.26458947,68.01232937,7.775306272000001,68.91754359,blackgram
106,34,117,34.45937231,77.06319403,7.21662406,285.5435405,coconut
63,43,78,30.95723873,80.84184839,6.7781613,221.23467747,coconut
79,30,23,24.67662341,39.46038654,7.59321353,80.03566948,mustard
60,55,45,21.40865769,83.32931909999998,5.935745417000001,287.5766935000001,rice
99,5,47,24.13078816,84.84494575,6.649086972,51.19470197,watermelon
75,37,45,25.11821864,57.37888887,5.52428323,177.74333346,cotton
67,27,36,36.12397734,43.53991428,6.42471385,86.94962468,bajra
130,67,116,28.45669814,90.65565214,6.17046923,119.07747809,banana
65,60,22,25.36768364,72.52054555,6.6069840860000015,107.9124111,maize
70,59,81,20.6949789,84.54381245,6.82132597,174.12129938,turmeric
86,38,27,26.44317676,42.12980623,6.44512657,66.0382954,jowar
113,43,80,18.21761422,77.96979304,6.29576623,278.42285352,tea
89,57,43,26.91515043,73.19897535,6.998787171,177.22330480000005,jute
103,17,51,25.11189154,80.02621335,6.209888345,44.20656987,watermelon
74,43,23,25.95263264,61.89082199,6.325235159,99.57981207,maize
60,49,44,20.77576147,84.49774397,6.244841491,240.0810647,rice
114,43,76,23.28689726,74.5004986,5.03047185,234.69191234,tea
93,41,38,20.42364173,65.66377309,7.32836872,114.93789762,soybean
55,43,25,24.48070125,46.70842464,6.71934135,110.48951634,jowar
22,54,20,28.56149805,83.63802195,6.689825155,41.013132,mungbean
90,60,98,28.18015672,83.91080505,6.03344252,137.50670887,banana
76,40,51,25.32552416,89.40215149,6.92059357,192.51642194,turmeric
92,7,48,26.27520631,86.63249555,6.956508826,54.38748495,watermelon
39,7,29,27.54273211,94.59086121,6.362544111,150.2012138,coconut
22,38,33,27.40635652,66.48130887,6.40028596,74.8431029,groundnut
87,54,20,25.61707368,63.4711755,6.576418207000001,108.8303762,maize
10,140,197,22.16939473,90.27185592,6.229498836,124.4683112,apple
69,28,65,27.94815983,90.59978596,6.32669161,239.73919741,tea
103,56,62,26.41140813,76.08665667,7.46877421,168.29029673,banana
25,62,21,26.73433965,68.13999721,7.040056094,67.15096376,blackgram
47,43,35,34.35972122,49.64977024,5.70229977,115.75338615,jowar
134,66,113,30.15349155,78.98297853,6.04354633,110.69066694,banana
93,31,54,21.64572331,71.76067379,6.5991526,149.43857926,soybean
51,48,33,32.93856349,49.94068925,7.87234759,68.20537856,jowar
38,68,54,29.33710543,90.81781439,6.739170045,202.0572747,papaya
95,25,69,17.7158987,78.04263874,5.47935575,171.92023484,cardamom
5,56,24,24.80710166,45.01110015,5.023115055,188.4928637,pigeonpeas
77,49,39,11.13358737,38.73526368,7.6367339,32.9046722,mustard
66,47,36,24.85441411,74.44070479999998,6.57256106,175.572958,jute
45,57,47,23.16855863,90.78821158,6.656458831,161.68920930000004,papaya
90,33,53,22.03573961,80.97641988,5.56056546,173.0886578,coffee
21,39,20,28.14448546,82.1193047,7.064782137999999,46.75690086,mungbean
73,45,21,24.60532218,73.58868502,6.636803222999999,96.59195302,maize
20,72,19,32.47648301,64.34848735,7.397190844,65.82045699999999,blackgram
70,44,42,32.4789578,44.22758077,7.75050295,80.46147252,jowar
68,21,44,12.07890617,40.95194174,7.1417858,63.12002506,mustard
73,43,42,26.58361011,78.00774772,6.310699968,154.8238864,jute
111,53,71,26.91707074,87.08313524,7.12547258,118.80104702,banana
26,62,44,31.36448152,68.5370844,7.17412391,51.0060329,groundnut
8,7,10,28.2620488,91.98317355,6.929216014,105.2132259,orange
35,55,22,30.88883074,52.62696801,8.634929739,55.51932414,mothbeans
114,27,48,27.82054812,93.03555162,6.528404377999999,26.32405487,muskmelon
94,27,56,24.79297857,81.47395959,5.14415947,211.61160374,cardamom
98,61,83,30.41421495,83.96749209,7.23215933,109.64698095,turmeric
61,68,50,35.21462816,91.49725058,6.7932454170000005,243.0745066,papaya
89,22,20,14.60161017,49.49295558,6.00964609,52.97589483,mustard
69,39,39,21.22274266,61.24271414,7.40230978,59.62802374,wheat
104,74,58,32.36296318,67.21970946,6.18908875,228.52347164,sugarcane
62,42,36,22.78133816,82.06719137,6.430010215,248.7183228,rice
108,23,51,26.84366082,83.85039964,6.106500787000001,40.228644,watermelon
71,52,43,26.47549543,73.96164569,6.732826127,180.2513601,jute
95,37,35,27.31317116,68.42333909999999,6.348337518999998,192.4288139,coffee
20,35,49,24.48911615,69.87646653,7.13158113,149.87864753,groundnut
88,40,62,18.83718827,82.06374207,6.1521085,236.40144994,coffee
75,54,36,26.29465461,84.56919326,7.023936392,257.4914906,rice
35,39,30,29.20342941,35.95413744,7.33603859,36.20964381,bajra
132,73,44,34.35542398,75.88323953,7.51042323,206.94982601,sugarcane
97,60,41,20.76957828,74.49556728,7.05276625,127.48744683,soybean
57,44,63,23.02345696,88.18256585,6.22338389,226.32578061,cardamom
84,37,42,25.49674786,81.13449097,6.691074249,169.92882340000003,jute
8,59,18,29.50523036,35.72032498,6.216814453,187.8961851,pigeonpeas
120,31,118,25.94738232,85.98042229,5.71801628,228.17171497,coconut
78,46,42,23.09499564,78.45959697,7.095413294,155.3851533,jute
66,44,67,22.25548792,64.60247011,5.3083187,244.27321343,coffee
78,20,50,29.69983701,43.57708283,7.23195976,93.46532057,jowar
119,19,55,25.18780042,83.44621709,6.818261382999999,46.87420883,watermelon
32,55,51,29.60718808,93.15642801,6.57398033,62.68710535,papaya
118,72,63,27.76133804,85.87525325,7.19658962,198.54500477,sugarcane
62,49,35,16.07617063,50.83491651,7.06149326,90.9424838,wheat
93,22,52,26.58740671,81.32563243,6.932739726,41.87540028,watermelon
57,58,77,18.72649425,17.58406365,7.978996755,81.20176515,chickpea
95,28,43,29.8401269,88.70839579,5.0041059,208.58156029,tea
11,44,17,26.34043268,55.59160391,8.016210782,35.1051197,mothbeans
114,39,51,23.83214019,94.92300617,6.30791543,198.04353222,tea
128,41,72,29.941172,65.57039768,7.9090583,148.34516014,cotton
162,74,43,31.59873666,84.5754078,7.55151996,294.41596366,sugarcane
55,20,57,21.834202,63.39261501,5.93789925,216.99595499,coffee
25,76,17,31.74105409,68.63525428,7.241148507,62.3061735,blackgram
147,56,113,29.23506536,81.60609815,5.52927096,133.06498074,banana
140,67,63,28.22530237,50.98051399,6.6032076,85.7488829,cotton
109,31,27,23.05951896,50.40609436,6.973839707000001,164.4971875,coffee
82,37,36,28.56999471,55.94501391,7.93682665,117.59959865,cotton
145,48,79,33.92211703,88.06838353,7.73558969,235.54255722,sugarcane
73,29,45,25.00623103,87.13446193,6.26728861,188.7699972,coffee
40,55,18,30.38257873,40.5926071,7.115994051,47.95406479,mothbeans
114,8,50,24.74631269,88.30866319,6.581587932000001,57.95826144,watermelon
91,24,55,26.27061608,83.09194521,6.259086582999999,46.76837499,watermelon
75,66,41,23.52284119,45.40702889,7.20246739,117.43801609,cotton
74,20,52,21.9764328,74.47497722,5.43762562,199.22424747,cardamom
99,50,43,20.93840935,71.79106754,6.15675181,268.91426873,cardamom
27,10,33,27.81132822,97.48410555,6.465906333,154.06212209999995,coconut
163,59,77,32.78893233,80.01455196,7.82814282,145.09049594,sugarcane
75,39,90,28.0229516,73.85639333,6.20286541,273.04434536,tea
27,63,32,25.28644298,62.5491336,6.08689036,96.76735864,groundnut
0,27,38,22.44581266,89.90147027,6.7380162210000005,109.3905998,pomegranate
79,22,24,30.25442831,43.34708037,6.96166926,119.18653632,jowar
38,135,203,41.36106301,82.79782954,6.444373116,69.92107482,grapes
25,17,40,18.91251245,87.74938524,6.608023872,111.28005159999998,pomegranate
109,21,53,22.23425936,90.4151222,5.14658523,229.33277338,tea
26,30,46,29.88487659,52.60997153,6.52369935,99.57224535,groundnut
2,140,197,22.69780133,92.82223419,5.53456749,105.0508234,apple
81,23,34,32.32193279,50.15829757,7.80529961,85.68883137,jowar
90,47,50,33.42084234,47.84605172,6.56367232,129.98699353,cotton
70,55,31,24.13433955,59.06948229,6.13643982,57.9563157,wheat
35,72,21,34.03619494,64.28791388,7.741418772,66.85510868,blackgram
86,30,79,27.47992189,80.96716514,4.82162929,299.24634869,tea
98,45,40,30.98572949,61.67515975,7.0537113,149.80677413,soybean
34,80,19,31.49338309,63.0563645,6.521217963,71.48327008,blackgram
83,50,40,34.58141824,68.05659807,6.50853736,119.02888084,cotton
122,48,16,24.65425757,75.6350708,6.307585854,61.82980133,cotton
85,36,64,19.12056596,73.35163087,6.03251887,201.16264796,tea
83,57,40,22.52877685,52.8341543,7.39709688,81.69801678,wheat
94,38,29,25.36524427,62.93166248,6.30312086,170.51547524,soybean
24,38,22,24.47876451,58.51663927,8.202706015,34.96933295,mothbeans
72,45,35,25.42977518,82.94682591,5.758506323,195.3574542,rice
51,34,75,27.2260177,62.46830075,6.12460968,180.41585764,coffee
82,22,45,26.22338015,85.34866045,6.512196212,54.60159289,watermelon
56,37,63,19.9711717,65.80265359,5.86967117,181.07230665,coffee
29,22,40,23.62600218,89.73266695,6.145104401,107.6836871,pomegranate
72,38,38,23.12179209,69.31529346,6.56222852,177.21478208,soybean
75,39,48,25.27942005,80.55517873,6.3763939,200.4330289,coffee
57,39,116,27.52315286,90.1014144,5.13827947,124.46308046,coconut
118,45,95,25.66009377,89.10777278,5.92141712,132.18737139,banana
117,32,34,26.2724184,52.12739421,6.758792552,127.1752928,coffee
81,22,71,24.44872466,91.43347206,6.61482192,239.71829563,cardamom
29,76,15,28.541723600000005,64.2020154,7.0256077060000015,69.68862306,blackgram
16,75,21,18.50692825,23.61670065,5.679224346,87.05132890000002,kidneybeans
88,50,40,25.63215038,79.95150917,7.0518224720000005,182.2582277,jute
60,37,39,26.59104992,82.94164078,6.033485257000001,161.2469997,jute
38,21,35,20.33691147,89.38003827,5.841367187,110.9653137,pomegranate
12,66,20,27.41434987,63.41785982,7.336117221,44.43177543,lentil
30,48,30,25.18254433,64.5147048,7.31934954,82.67333716,groundnut
15,11,38,23.12808226,92.68328358,6.630646082999999,109.3930157,pomegranate
83,29,59,21.52112069,62.17364187,5.08139387,188.86718584,coffee
68,40,19,26.14384005,66.20569924,6.655426355,107.2361366,maize
76,48,18,19.29563411,69.63481219,5.77597783,83.21030571,maize
34,140,198,21.70416965,93.44006288,5.751707342,115.1781396,apple
24,73,20,19.63736208,32.31528909,4.608695247,176.4134092,pigeonpeas
39,30,33,30.69504072,25.08271687,5.62634096,62.79357848,bajra
118,41,37,15.3721068,53.91964335,6.11400659,95.70563929,wheat
120,40,49,22.82503125,83.76090122,5.49140173,202.33805341,tea
86,15,47,24.04355803,84.18406764,6.423898762,53.78929956,watermelon
99,35,76,26.86427877,68.36335694,5.85631876,187.24116999,coffee
23,23,27,34.72413192,51.4271781,5.161148592,97.31258083,mango
36,30,24,36.28503918,43.74388361,6.94494221,79.52161134,bajra
120,40,54,29.82866636,77.15146687,6.45626046,152.27956091,turmeric
53,54,32,30.93287493,64.11031819,6.11685187,69.33727348,groundnut
29,122,196,41.94865736,81.15595212,5.638328481,73.06862952,grapes
44,41,42,28.75273173,58.906761,7.15036165,111.13530383,groundnut
74,50,69,31.96925628,79.92011125,7.34006624,212.31362053,turmeric
91,38,63,18.11120579,78.50862671,6.19943385,189.96545355,cardamom
157,57,77,33.77238535,77.15390978,6.00092513,101.74046669,banana
53,40,32,12.88824823,41.94032283,6.84337801,42.21837981,mustard
54,56,37,29.17254683,61.47972546,6.98868764,156.50517781,soybean
115,27,103,30.75223146,92.0778031,6.79389649,226.07398734,coconut
84,48,67,28.94241678,78.21134846,6.77636021,146.92936271,turmeric
74,40,64,23.89078293,79.86987261,6.3737571,216.81992177,turmeric
24,80,22,16.71170642,19.17651433,5.635993966,96.77285817,kidneybeans
51,57,55,24.70528368,90.14732171,6.6764073370000006,108.4103158,papaya
83,38,47,23.97703864,84.49530086,6.42552505,191.16905736,coffee
63,37,43,23.41798979,85.08640476,6.661957897000001,185.7446728,jute
70,43,40,24.35564134,88.80391021,6.176860192,169.11680280000004,jute
32,11,31,29.51611558,92.56492864,6.461225827000001,131.2116167,coconut
65,60,29,15.12139862,43.74736393,6.80882152,61.28103745,wheat
28,80,17,19.62207826,18.67170854,5.809419584,144.1567454,kidneybeans
2,78,23,21.31852148,66.43934593,7.320514721,45.42616802,lentil
105,48,57,25.3951912,85.33937636,7.03554827,287.80233761,sugarcane
121,50,70,33.68068845,59.30167851,5.56535113,84.04576764,cotton
68,22,66,18.50885775,84.86927394,5.09153299,272.40540328,cardamom
13,144,204,30.7280404,82.42614055,6.092241627000001,68.38135469,grapes
77,45,90,28.47411507,74.89723721,5.33055702,234.82048635,tea
59,39,43,21.14220468,37.76508715,6.66567928,41.13593903,mustard
113,52,42,26.84464261,48.79423054,6.78761924,144.12563827,cotton
86,31,35,27.01207284,60.76645256,6.485761419,191.4508931,coffee
53,37,34,32.80665366,30.44174074,7.97801695,45.37299392,jowar
56,56,24,30.02900729,56.21191711,6.51014005,89.19142182,groundnut
136,36,20,23.09595631,84.86275707,6.925412377000001,71.29581071,cotton
98,22,47,29.07265321,91.91533173,6.341400922,28.83568362,muskmelon
44,63,15,26.42333018,64.51136845,7.338929556,63.46546487,blackgram
38,62,25,32.7477393,67.77954584,7.453975408,63.37784443,blackgram
72,34,18,34.19538002,37.29303897,8.01738155,38.9737548,bajra
72,35,89,27.56666287,80.77863759,5.17550519,285.50698124,coconut
95,52,36,26.22916897,83.83625819,5.543360237999999,286.5083725,rice
53,52,46,22.09776774,55.1214138,7.46217482,167.57984964,soybean
85,36,27,30.95132243,63.8489581,6.28014834,74.16209457,soybean
121,36,24,23.66457347,81.69105088,7.352401887,99.36898373,cotton
29,48,46,27.73777265,59.63066468,6.23418899,109.71321206,groundnut
165,55,63,24.74129847,84.43794116,7.13862127,135.58123672,sugarcane
29,22,43,19.66329768,87.95158129,5.561851831,106.0380805,pomegranate
58,46,45,42.39413392,90.79028064,6.576261427,88.46607497,papaya
78,44,73,24.91243322,70.75526341,5.14480238,148.39902863,coffee
87,28,35,26.5602777,57.1621814,6.759211911,152.0616227,coffee
16,35,31,32.27652024,50.19368841,5.316875978000001,95.99487068,mango
11,10,45,22.63045168,88.45577158,6.397995609,109.0357597,pomegranate
79,31,24,19.85016202,51.26282884,7.23124877,58.41183827,mustard
87,48,25,18.65396672,61.37879671,6.656730007999999,93.62039175,maize
86,26,67,24.01435813,85.10320246,6.78402105,213.78910783,cardamom
46,32,29,26.10974934,26.75677777,7.87562591,63.33777332,bajra
119,30,49,25.35794749,80.45846265,6.903020221,47.72078245,watermelon
75,38,47,28.92115739,83.89655413,5.15300438,221.04631061,tea
23,57,19,32.83963757,67.99803573,7.251000789,73.40452716,blackgram
48,24,21,25.69095888,58.05038318,5.72527606,83.00103625,jowar
107,42,51,28.94681148,86.54697528,6.34490557,173.73829251,turmeric
81,53,96,22.84117326,86.8337805,5.53706311,217.61578238,turmeric
85,50,117,29.76796719,92.02160146,7.01921696,119.00797398,banana
37,78,79,19.95264829,14.82633099,7.786366322,88.6810311,chickpea
69,28,27,26.03924892,43.33503843,7.21757717,41.93897127,jowar
34,56,17,33.4126864,35.42910045,4.548202098,139.6702541,pigeonpeas
75,41,76,24.42504803,68.16765034,6.79305614,84.71630308,cotton
81,30,87,22.50608843,81.11250129,4.95915653,267.95692792,tea
79,44,110,34.36232512,84.87853365,5.81684545,123.21079131,coconut
64,53,38,26.24347471,78.51063754,6.855362875,183.4065252,jute
41,52,44,22.00718975,53.53518941,6.89311039,87.25622114,groundnut
52,71,16,27.74274761,68.53997144,7.0758864720000005,71.78615328,blackgram
29,21,45,23.40981539,93.13277,6.749260456,105.2240743,pomegranate
48,34,32,33.74560836,55.97977519,7.60946611,84.79881177,jowar
52,20,21,13.79619976,47.31826768,7.52991328,78.46871673,mustard
72,36,30,29.20175944,48.92513768,6.58116896,76.30562855,jowar
3,26,39,24.38318965,91.19431555,7.079973241,103.6012114,pomegranate
63,24,28,25.93692215,38.47170817,6.17829343,63.88809028,jowar
42,53,48,23.11407669,94.31994776,6.758479569,231.5153161,papaya
131,38,76,32.57719378,56.90583288,7.7804005,85.04919105,cotton
21,63,17,15.77370214,19.2303162,5.979973965,108.3441414,kidneybeans
73,41,45,28.11683726,45.80844175,5.98635694,69.41698451,jowar
114,21,55,25.4438391,87.93923120000002,6.472756256,57.51549686,watermelon
31,48,45,40.78881819,92.90951393,6.563134737,132.7923586,papaya
100,74,52,25.43480512,81.53977797,5.837258235,96.47800391,banana
97,46,68,33.37586776,77.20042693,7.2295391,158.66938586,banana
27,64,15,20.16080524,24.84207559,5.514927264,138.2362122,kidneybeans
42,44,24,28.85033017,51.82181354,7.94150195,58.04836056,jowar
74,58,18,20.03728219,56.35606753,6.727303282,109.024141,maize
39,37,15,28.9973145,83.78911515,6.821747052,59.84499208,mungbean
72,39,55,24.16137132,71.79123757,6.89744938,101.70118218,soybean
18,17,31,31.74592134,45.16127859,5.667507706,93.75441586,mango
27,61,15,25.2653291,67.10004577,6.958054839,48.33941188,lentil
3,27,44,24.56811204,92.03009222,6.591302797000001,110.9633894,pomegranate
98,37,90,25.43072397,84.36064585,6.40052546,207.29688203,tea
114,8,52,29.34081108,94.5513539,6.419083092,28.22908103,muskmelon
83,37,49,20.71698378,49.62798997,7.05099811,82.08992644,wheat
102,65,56,33.27378512,60.71320317,6.28598527,71.65503015,cotton
127,37,98,30.46768923,69.06920416,7.11269133,150.76107555,turmeric
30,44,16,29.73013036,82.89166381,6.442335592999999,50.91511275,mungbean
108,92,53,27.40053601,82.96221306,6.276800323,104.9378,banana
93,58,38,20.61521424,83.77345559,6.932400225,279.5451717,rice
45,61,78,19.48649305,16.06240074,6.489389282,81.52842690000001,chickpea
85,49,43,24.05454693,61.99525483,6.42088088,79.65589938,wheat
78,25,20,26.96154152,35.63855173,7.9991876,72.92246401,jowar
26,9,32,25.9490364,94.73860514,6.470465614,144.15711090000005,coconut
138,42,43,34.9976166,68.22752687,6.70060991,68.0562989,cotton
71,20,22,27.60683246,53.20504448,6.78359479,64.62245178,bajra
36,125,196,37.46566825,80.65968681,6.15526103,66.83872293,grapes
102,45,16,23.65629976,77.52425987,7.2942193,74.8984994,cotton
98,47,37,23.48381344,81.33265073,7.375482851,224.0581164,rice
109,35,78,21.95587394,72.92131715,6.02862865,243.91232727,coffee
109,52,115,27.20193448,92.70621259,5.66274766,224.34895756,banana
69,43,45,12.83094706,58.47009449,7.6360934,57.96317715,mustard
28,65,23,28.38686534,61.88871127,7.405176138,74.24459122,blackgram
0,69,21,25.86928193,61.88321072,7.072923306,36.68284038,lentil
62,47,66,23.03466129,72.58932715,5.79061435,192.13744455,tea
5,24,40,24.692258,93.87030088,6.297907578999999,104.6735454,pomegranate
107,36,44,22.88798418,88.7166973,5.06427244,183.07960531,coffee
88,24,77,21.60909751,68.30213025,6.48680207,164.59015503,coffee
137,66,110,25.64411016,91.87551399,5.67505852,122.50570431,banana
57,21,100,25.00331794,88.98565463,5.30816637,223.26093962,coconut
35,17,35,31.69913359,43.19867511,7.4374997,30.23926733,bajra
77,48,55,25.62030571,60.8661604,6.22442922,129.9918113,soybean
109,36,99,21.09106339,66.63399411,6.21853559,147.31341703,turmeric
32,68,19,24.62835037,18.18325169,5.514234138,149.7441028,kidneybeans
76,31,65,25.32979833,81.25398996,6.02906606,178.92483117,coffee
52,41,56,20.27889076,86.61614546,5.91170525,183.67955834,coffee
69,37,37,30.75196283,48.59487807,5.99077491,35.47410953,bajra
6,36,22,24.21610338,59.79236306,8.869532817,42.24783476,mothbeans
47,23,36,19.55280836,41.01533521,7.13551218,67.19491231,mustard
55,58,30,28.17754717,62.83152409,6.09498538,79.95866354,soybean
74,44,41,29.2538606,32.23779844,7.28660775,43.43992297,jowar
4,19,42,23.83185873,87.84034604,6.306605528,111.2232716,pomegranate
75,50,51,21.72699193,68.92133232,6.85554144,64.91627125,soybean
40,51,32,26.25860797,64.81067599,7.02549231,69.32417231,groundnut
58,37,45,28.75845752,69.65121905,6.81820151,117.23243385,groundnut
60,48,49,17.21948532,59.97411383,6.39929416,81.75711652,wheat
23,72,84,19.02061277,17.13159126,6.920251378,79.92698081,chickpea
36,21,24,32.80927431,34.37120495,8.03422046,60.45191282,bajra
106,14,45,24.47018505,84.16390229,6.417011754,57.26773002,watermelon
71,39,88,23.83568708,83.88655408,7.07041732,129.6295953,turmeric
43,39,30,32.17337239,52.43235797,8.11468168,67.0966876,bajra
97,37,79,23.8654955,94.52171773,5.98085884,297.97902278,cardamom
113,46,63,33.4260414,89.37417611,6.09180328,285.79937562,sugarcane
39,29,29,26.50908611,94.48414544,6.143662699,199.8778403,coconut
72,42,50,18.52811797,93.06111881,6.36441654,195.92184293,cardamom
120,38,69,26.24359747,83.01269648,4.86577353,283.89741921,tea
62,40,42,26.12341727,59.52972656,6.11384549,124.70983669,soybean
2,123,198,39.64851881,82.21079946,6.253034534,70.39906054,grapes
40,22,6,24.53610067,91.90997228,6.488221135,115.9787989,orange
76,45,59,18.15782347,65.46309903,5.8432305,245.36076337,coffee
76,33,25,11.02577371,52.94555604,6.17249882,29.75969855,mustard
85,40,74,23.93127828,75.89813434,5.31309835,266.50452311,cardamom
54,66,52,36.56769731,93.79503425,6.867554147000001,104.4218596,papaya
93,46,34,30.89048831,55.53546112,7.0780559,101.42771273,soybean
137,66,68,24.04477009,80.39021274,7.27997951,199.57243793,sugarcane
72,40,85,22.50766291,72.90334206,7.46857598,167.88916385,turmeric
174,60,76,30.29297759,71.84908486,6.87771863,210.53073372,sugarcane
75,39,25,15.24121935,42.15708543,7.28529743,86.00812155,mustard
10,56,16,28.17432665,81.04554836,6.828187498999998,36.35720652,mungbean
63,57,48,31.14346027,60.64331838,6.1194495,152.77189188,soybean
114,35,73,20.91379635,70.40630869,5.60246458,157.53706614,turmeric
94,39,18,23.89114571,57.48775781,5.893093135,102.8301942,maize
52,28,18,27.34221467,36.79690215,7.67991421,66.66350506,bajra
49,22,39,30.31213836,41.29828611,7.40991059,119.27121266,jowar
76,40,73,22.76963456,72.91653235,5.43969695,235.35516283,cardamom
142,41,43,28.98179425,79.11547906,7.90862126,221.48546888,sugarcane
6,72,15,22.99451999,66.70897237,7.670178119,54.49044154,lentil
1,17,6,10.78689755,91.38411917,6.8198271,117.5293447,orange
20,27,41,20.51343484,92.51675903,5.700088663,110.5764023,pomegranate
110,76,72,29.08769327,79.58279991,6.39298004,131.47503433,sugarcane
91,48,116,34.71830046,73.26762639,6.09103254,125.96509553,banana
107,31,31,23.17124551,52.97841162,6.766184468,153.12016440000005,coffee
108,45,64,18.96562502,81.86794764,5.68787114,128.16124922,coffee
71,59,47,22.41114171,47.01381219,6.75469567,80.23811456,wheat
11,71,24,21.14011423,22.7182355,5.6066203460000015,141.6056722,kidneybeans
59,40,117,33.79035363,80.33207413,6.16481218,216.00422241,coconut
17,77,24,20.76952209,18.93146941,5.568456899,109.0193712,kidneybeans
39,78,15,21.35499456,62.60136323,5.925391795,41.78219834,lentil
88,36,41,20.46111849,37.9941477,7.46114298,31.03059573,mustard
153,48,73,30.89959733,74.6183011,7.32372648,194.87555023,sugarcane
80,37,47,33.25578215,52.35677477,5.90879097,114.67596605,jowar
118,42,70,23.45120436,49.54219443,7.3646909,156.74947213,cotton
101,44,72,24.97737822,86.16616887,5.5969875,179.93496285,coffee
80,15,28,23.11438731,68.00096043,6.703270635,161.8944624,coffee
23,6,33,29.18032562,92.73041222,6.025789594,204.9603677,coconut
59,63,18,31.65531175,60.13263713,6.52669158,66.69096751,blackgram
70,38,28,19.00465468,52.26207779,6.99833068,104.4147162,wheat
95,41,56,16.34241924,79.3608022,6.22614636,263.85549759,cardamom
60,51,36,22.69657794,82.81088865,6.028321557999999,256.9964761,rice
90,53,42,29.49523315,66.94138541,7.4267081,70.86848364,soybean
35,35,30,28.8916017,68.70187844,6.83594813,52.64542117,groundnut
84,38,40,25.25630434,72.69166879,5.90937112,270.31048264,cardamom
115,43,28,23.22512236,53.6248757,6.20248208,82.00529778,wheat
56,33,45,27.32465907,74.67706414,5.85074633,203.14281936,cardamom
52,23,83,28.30224561,75.306947,7.06141739,158.47249968,coconut
67,25,55,20.70728405,86.65283629,5.89749042,186.13565574,tea
120,62,74,23.42340387,46.94300738,6.95681992,68.02253266,cotton
15,28,32,28.84270971,99.64328526,6.2185718739999984,224.4016682,coconut
0,29,32,28.05912437,98.3670985,5.868255858,171.65163959999995,coconut
64,37,50,20.75176282,62.75470358,6.62804121,107.94704131,wheat
44,26,29,30.90418948,32.80851661,5.91034404,80.17282259,jowar
55,53,42,21.48820885,70.86041684,6.89691893,69.74014631,soybean
21,6,41,24.88244467,89.39686219,7.086947687,107.1951707,pomegranate
68,32,37,33.93435851,42.94642395,7.75068778,101.40847011,jowar
4,20,25,28.93270187,47.94053996,5.664587011,99.9834242,mango
74,55,55,27.55792778,58.78504747,6.81541691,173.21758826,soybean
46,65,30,31.23220281,68.2343781,7.13469468,93.81455758,groundnut
16,70,20,24.80467592,40.1242747,5.6093956,121.5639121,pigeonpeas
22,23,44,20.13037175,89.31505137,6.1438746910000015,107.3416913,pomegranate
21,134,202,10.72302459,80.02130636,6.425419926,65.29821120000001,grapes
0,70,21,36.30049702,56.03021253,4.672437054,101.6073988,pigeonpeas
78,50,43,25.12417673,85.72530641,6.348441469,159.5718087,jute
22,123,205,32.44577836,83.88504863,5.896343436,68.73932528,grapes
60,57,41,30.14489964,64.15646334,7.03903472,134.21097476,soybean
113,39,74,18.14288409,75.56843987,5.77559763,272.2653983,tea
132,52,19,24.16402322,76.7433897,6.436691764,61.94626051,cotton
75,65,79,30.00523798,52.33306451,6.05378252,139.39346027,cotton
78,34,27,23.37923521,37.28297847,7.61155597,60.23643457,mustard
112,17,28,27.62975458,61.26002598,6.777417989,196.6492664,coffee
96,28,111,27.03681296,91.84361691,6.03826396,220.6112001,coconut
110,39,18,24.54795322,75.39752705,7.766259768999999,63.88079866,cotton
136,64,82,34.25628359,84.08794283,5.99352467,102.74813268,banana
99,50,33,27.881705,67.17771161,6.45057822,60.50962746,soybean
8,127,196,27.02766138,83.17093908,5.833302165,70.95666003,grapes
106,21,35,25.627355,57.04151119,7.4285236339999985,188.5506536,coffee
109,20,72,24.53179502,85.3392862,5.28890261,166.17838142,coffee
40,9,41,24.37766782,85.4017118,5.78270695,106.128338,pomegranate
103,40,30,27.30901814,55.196224,6.3483162570000005,141.48316440000005,coffee
116,39,58,32.13490275,48.79482204,6.50901733,140.15133376,cotton
95,35,37,23.85811657,50.42124523,6.72750714,109.44193428,soybean
81,18,50,26.80750629,88.22874955,6.429788072999999,58.79889057,watermelon
1,12,30,27.754298,95.94643831,5.56222383,131.09000759999998,coconut
76,30,86,23.86415558,89.43652595,4.84635609,221.81503411,tea
73,25,66,25.58946271,77.61100217,5.8054254,235.1672397,coffee
84,27,29,23.32293161,53.00366334,7.167092586,168.26442869999997,coffee
104,80,54,27.09062164,81.33506906,5.879119455,110.1331182,banana
50,52,53,25.20519257,60.64837096,6.21243243,101.98069297,soybean
55,46,31,23.26850361,65.14670106,7.45069279,128.86435108,groundnut
73,35,38,24.88921174,81.97927117,5.005306977,185.9461429,rice
60,25,73,27.19827634,60.94142069,6.24033695,190.34736771,coffee
104,17,46,25.7131428,80.22972777,6.190015912000001,43.08961827,watermelon
126,52,94,22.09937514,72.71639039,7.4180919,167.56815486,turmeric
14,59,22,23.82723528,67.89815262,6.76660668,46.90725077,lentil
101,45,42,23.90747304,83.38363547,5.10823212,186.13878902,coffee
102,58,50,25.78815704,85.86493331,6.30536338,283.97104769,sugarcane
111,65,104,30.57044451,77.84018757,7.47875581,168.38587033,banana
54,49,73,15.51629994,80.42693187,6.39251011,190.35682664,cardamom
44,64,42,26.03302456,61.25977275,7.47468286,107.34222943,groundnut
87,32,41,34.64381109,51.44127242,5.84621809,118.07791218,jowar
136,66,74,30.48608123,57.40222034,7.88543363,62.67377309,cotton
95,58,63,26.70626339,48.61742169,7.24209309,144.7893743,cotton
5,74,21,16.24469193,21.35793891,5.591704013999999,66.97053257,kidneybeans
121,47,16,23.60564038,79.29573149,7.7232401510000015,72.49800885,cotton
81,34,48,24.44567279,47.12238146,7.08709198,87.08917357,jowar
80,57,37,31.57086684,59.60130717,7.30644028,147.66615052,soybean
76,23,69,21.12296698,87.35300445,5.66180663,172.50415382,cardamom
20,7,9,29.47741671,91.57802915,7.1291369410000005,111.1727497,orange
14,18,30,29.80747243,52.13797867,5.191265116,95.74606104,mango
30,48,32,23.2444019,51.36662558,7.45566205,62.84397863,groundnut
81,57,54,24.69188856,67.56894979,5.68885043,191.1548127,turmeric
89,48,44,20.64432325,78.28040476,5.96423372,239.93496976,cardamom
76,20,40,34.36463531,50.66110395,5.91545647,48.83234022,jowar
106,46,20,23.43821725,78.63388824,6.2006719760000015,81.15072105,cotton
63,44,42,25.9885963,49.51344071,7.75410842,42.20589535,jowar
104,35,59,30.63640214,83.64643665,6.05580941,137.56584712,turmeric
96,25,115,30.97978137,87.32457043,7.45168817,150.65634282,coconut
86,6,53,25.92030221,83.47202566,6.921847887999999,42.10681516,watermelon
19,78,16,20.65375833,23.10538637,5.967533236,67.71768947,kidneybeans
16,8,9,24.60297538,91.28408653,7.601189842999999,111.2948115,orange
84,36,34,19.04333274,56.71794724,6.7194771,60.08531539,wheat
79,45,43,25.71901283,79.15532398,7.171054239,187.1735424,jute
70,49,80,16.35516631,90.47137246,6.34772842,275.79575136,cardamom
5,8,5,11.03367937,92.22706805,6.562594972,112.7715925,orange
24,56,85,18.19903647,17.41333199,6.545888558,80.6405403,chickpea
118,22,90,25.5957402,93.42029257,7.27043856,255.16779997,coconut
90,48,45,24.06475727,71.31342851,6.509174788999999,153.63902119999997,jute
6,18,37,19.65690085,89.93701023,5.937649577999999,108.0458926,pomegranate
63,30,39,16.1000059,45.68002364,7.05781622,101.8125725,wheat
81,40,45,25.7629429,80.76238215,6.427726565,174.5071843,jute
100,46,18,24.18586246,76.04203958,6.4316895060000006,69.08056728,cotton
16,14,30,29.70931288,96.30484325,6.37466756,209.84539930000005,coconut
7,141,195,23.8812458,93.45067555,5.514253142,104.9116663,apple
62,26,35,21.15835785,42.18202115,6.54573807,98.64787085,mustard
114,70,114,27.49003242,86.80037924,7.10826575,232.06600554,banana
59,62,83,18.57665902,19.22008229,8.104396057999999,72.94940441,chickpea
40,63,18,30.41588462,67.66323804,6.74441168,63.02473185,blackgram
65,41,93,30.74120934,86.38734113,6.6036446,272.06779372,coconut
26,32,32,30.91471455,49.92963856,6.810186079,90.14047759,mango
49,33,36,27.72560699,31.92780228,6.19075156,56.87082467,jowar
2,79,15,21.53577883,65.47227704,7.505283615,35.75107592,lentil
111,66,97,30.23103929,81.83502235,6.00993666,184.04739644,banana
69,15,20,37.27231465,28.55641665,5.5851097,47.54889586,bajra
61,41,17,25.1420613,65.26185135,6.021902237000001,76.68456006,maize
2,39,15,28.07219563,82.9116472,6.478557136,49.61865305,mungbean
74,35,40,26.49109635,80.15836264,6.980400905,242.8640342,rice
67,54,28,19.88532522,49.00141123,7.4878387,54.04879358,wheat
30,60,21,28.87667593,62.4901206,5.457871272999999,182.2688175,pigeonpeas
69,37,42,23.05804872,83.37011772,7.073453503,251.0549998,rice
18,23,44,23.71028128,89.61794165,6.184400085,105.64999070000002,pomegranate
85,20,61,24.14698784,84.07407955,5.96179906,221.41112257,tea
93,83,46,29.38254012,83.50423735,5.765308943,109.2486647,banana
78,48,50,24.54930633,86.7822041,6.74272951,267.12703515,cardamom
36,76,75,18.38120357,16.63805158,8.736337905,70.52056697,chickpea
22,28,26,27.67256197,45.41692012,4.947683034,92.84991507,mango
54,32,33,19.43203848,53.66524005,6.76608395,33.32502253,mustard
121,39,60,21.56535227,66.99605192,6.89021127,105.85697909,turmeric
101,38,51,27.41388491,74.00187935,5.05281332,229.29786226,tea
71,33,15,35.28095708,33.26087284,6.99906319,95.42882095,bajra
69,34,32,17.66876886,54.85127004,7.13501935,96.69606291,mustard
84,29,55,22.5204297,87.66512963,5.24031425,173.86808255,cardamom
26,27,10,28.06903173,92.91487288,6.079998496,114.1339416,orange
74,52,50,21.11456926,79.2648611,7.05797472,122.86906585,turmeric
76,32,36,33.73199242,34.87343534,8.05330029,45.40118273,bajra
107,53,68,33.60837723,72.80174026,7.46963548,214.55043913,sugarcane
123,48,82,25.24162757,76.55392757,7.59846113,173.16465034,sugarcane
101,10,47,25.5421695,83.31883376,6.936997681,57.57343233,watermelon
79,22,42,19.01887102,81.89450851,5.26915103,143.47256559,coffee
36,23,17,33.66123773,46.63426284,7.15545229,47.12006079,bajra
116,41,73,24.28791532,79.88422688,5.59657544,105.09766723,banana
114,58,68,22.48304525,74.89925264,6.05672871,186.65607066,turmeric
134,56,18,23.80834611,83.91902605,6.691268104,70.97358303,cotton
105,76,71,33.3946855,82.38303869,7.67590295,148.34331563,sugarcane
59,62,49,43.36051537,93.35191636,6.941496806,114.778071,papaya
99,29,40,18.27673978,78.43867504,6.16701686,174.47829737,tea
60,36,103,33.36193634,86.4685365,6.3265825,265.54683304,coconut
89,34,42,10.08770044,37.0568961,7.3557474,92.66813487,mustard
87,36,49,19.22729687,64.52371733,6.37122126,230.01976337,coffee
99,6,46,28.61475136,94.22253035,6.39637861,28.98574189,muskmelon
118,46,79,27.77653679,72.57149216,4.79111308,250.58394664,tea
87,28,30,25.60153969,68.66257977,6.536676653,168.8383605,coffee
14,29,32,35.63627319,48.97047762,6.942520105,97.51952041,mango
51,28,69,15.14558657,76.97752702,6.40401561,161.59510898,cardamom
32,60,83,19.69141713,19.44225438,8.829273328,91.76071648,chickpea
99,54,37,21.14347496,80.33502926,5.5948196260000005,198.6730942,rice
7,16,9,18.87957654,92.04304496,7.813916602999999,114.6659511,orange
68,27,25,26.89464724,29.64016857,5.54484661,87.35856626,bajra
127,46,80,28.34238544,70.18268421,7.95663055,160.73179901,sugarcane
79,51,16,25.33797709,68.49835977,6.586244581,96.46380213,maize
40,143,201,24.97256132,82.72828653,6.476757723,66.70016285,grapes
112,54,15,25.46228792,81.56641891,6.1754923060000015,76.88582484,cotton
78,36,60,25.88928078,73.60516004,5.76064287,118.0853214,turmeric
69,60,32,24.37228493,59.17921607,7.04439148,109.94572911,wheat
67,46,44,26.82489244,78.20392774,7.093328631,153.91998069999997,jute
56,40,27,29.19963164,54.11453721,6.39244807,160.97723471,soybean
45,20,37,33.22999891,25.71137826,6.26935962,61.38414641,bajra
78,29,64,18.28461638,91.09229392,5.7627242,191.65812579,cardamom
98,24,81,28.83604239,80.49059917,5.40525762,123.86848308,coconut
44,33,41,10.24402184,45.77701856,6.6768925,67.7446567,mustard
5,15,38,18.26233221,88.16779129,5.709380472,108.0756727,pomegranate
32,18,13,13.8377282,91.74780462,6.044167236,107.9873218,orange
25,76,24,15.33042636,24.91506728,5.56503533,135.3315583,kidneybeans
63,21,20,25.21995666,31.9086351,7.69348797,72.82751385,jowar
91,25,26,24.53460016,66.99765375,7.482414225,180.5059257,coffee
54,25,43,15.87888036,35.2611284,6.73381565,68.34853212,mustard
36,56,20,25.4123765,49.66474269,7.437078236,31.87416982,mothbeans
75,38,39,23.44676801,84.79352417,6.215109715,283.9338466,rice
36,43,22,27.82684262,87.16679147,6.3898821660000005,58.37249772,mungbean
31,55,22,22.91350245,21.33953114,5.873171894,109.225556,kidneybeans
118,35,56,30.82459681,86.00970546,6.77234966,215.18474075,turmeric
25,129,195,17.98667801,81.17712085,5.777271492000001,72.37127689,grapes
67,41,40,25.84879500000001,87.81661683,7.333143205,152.6194403,jute
77,24,16,32.09438076,43.25009003,6.5406027,80.39423399,bajra
86,35,23,17.78164263,53.79508253,7.64783123,50.45326625,mustard
47,20,30,33.43929268,49.24409339,6.08181831,40.07137503,bajra
70,52,50,20.92881092,64.14968186,6.91349525,115.77234337,wheat
53,56,40,20.92375079,68.09238167,6.9104597,140.32655361,soybean
124,56,74,26.05489301,81.1059249,6.78459727,236.41543464,sugarcane
153,41,117,34.82337367,84.69948894,6.0725485,163.13854444,banana
49,54,50,25.62446619,93.18240298,6.762522087000001,97.26336657,papaya
109,36,18,25.40059227,76.53237965,7.524707577,62.51388670000001,cotton
84,45,71,24.21226777,79.01241705,4.6151363,178.51535364,tea
136,77,72,27.76629765,85.81541598,7.54220796,264.19402012,sugarcane
97,50,42,20.10152458,40.67418267,7.24502866,66.70874083,wheat
28,48,15,25.16125354,55.25435777,9.254089438,40.89732789,mothbeans
74,34,70,18.64943858,86.20841058,5.42327519,166.57879357,cardamom
118,34,52,29.04257623,82.38005124,6.3608759,229.57806225,tea
88,41,77,29.27667343,82.89133736,5.95239,206.62108643,banana
100,48,17,23.7805123,83.03878838,7.827877817999999,66.26555904,cotton
37,50,23,29.65296893,88.48587386,6.5304707,56.01913159,mungbean
109,34,92,27.9461907,90.32972818,7.1858179,242.80943088,coconut
31,48,17,28.88078945,86.94206817,6.594739424,53.79732545,mungbean
116,37,51,20.88249091,69.1054094,6.53862444,120.35392396,turmeric
18,12,35,26.13958446,96.38580769,6.338720873,131.3387935,coconut
94,21,63,21.39412327,71.39850582,5.71066595,199.16620783,tea
54,62,80,17.48911699,16.39055394,7.489545074,79.45758333,chickpea
57,57,51,39.01793345,91.48815629,6.99223441,105.8841531,papaya
113,50,78,28.97866465,80.48530602,6.01178034,122.22227805,banana
33,77,15,23.89736406,66.32102048,7.802212437,40.74536757,lentil
39,18,35,36.73803191,39.1583548,6.32318962,84.11146571,bajra
25,68,19,29.39982732,64.25510719,7.1084501210000015,67.47677295,blackgram
113,41,20,25.0017188,80.53965818,7.256877571,96.32600992,cotton
76,35,87,28.1676231,82.6376398,6.88178951,101.82516913,turmeric
59,56,54,31.2639939,59.56891243,7.27410851,141.42359521,soybean
82,21,57,24.26775949,88.30540524,5.89152176,229.04007154,tea
59,40,53,24.06556182,73.00572164,5.5147826,156.07243497,coffee
153,65,65,27.28388706,83.07394369,6.36683979,151.20992369,banana
116,44,76,28.58962443,75.8645599,5.70031111,121.94343821,turmeric
72,42,33,24.59878226,32.20609357,6.14674003,119.77781587,jowar
119,44,86,24.89023456,82.47243578,6.75891139,260.46377366,sugarcane
60,45,67,22.16296335,81.00263644,6.6384395,222.51178917,cardamom
108,42,85,30.64656443,77.13754923,5.7053964,269.80320474,coconut
55,33,51,24.6649171,59.86396812,6.32334576,107.99048397,soybean
86,55,21,21.54156232,59.64024162,6.803931519,109.7515385,maize
80,18,31,24.02952505,58.84880599,7.303033217,134.6803969,coffee
111,27,31,23.59302313,55.27564977,6.0433309510000015,191.3980675,coffee
86,43,89,34.2795453,74.01737045,7.45084158,206.83650127,banana
70,52,61,28.50365189,89.87566488,5.54898351,149.23203226,turmeric
118,26,107,30.69376768,93.66264053,7.22933993,287.68533506,coconut
51,39,21,18.25973159,55.81905576,6.09353693,91.50474646,mustard
92,21,48,25.81692236,82.043255,6.377427122,54.82963379,watermelon
90,40,39,25.72668885,81.86171563,6.626503893,191.9649389,jute
71,15,37,37.1831823,51.69141098,8.0912629,46.75457154,bajra
91,7,52,25.07803672,83.46230461,6.405054243,56.39962921,watermelon
88,29,51,24.71885473,88.94568335,6.095689937,48.45978627,watermelon
103,33,25,27.10210397,55.74973320000001,6.911066044,139.5013171,coffee
120,23,28,25.67324193,51.29043632,6.877799264,196.2736367,coffee
97,23,49,25.86038915,93.81910906,4.69783663,194.23301807,tea
8,133,195,20.46657776,80.97598029,6.456079585,71.29813872,grapes
106,60,89,32.95115879,67.04386284,6.39639096,294.70896494,sugarcane
80,37,80,21.63870165,80.22819151,5.98458543,199.1601267,coffee
53,35,46,19.24886128,66.53315942,5.13916173,136.5114088,coffee
29,17,29,29.20394909,95.66997327,5.959493188,211.2506267,coconut
48,50,37,22.70198811,46.70425651,6.23154914,72.41634554,mustard
14,67,22,23.82576704,24.75485098,5.624690247999999,84.64143632,kidneybeans
28,58,81,17.47500984,16.54314829,6.18042747,93.35034262,chickpea
89,85,55,26.671983500000003,76.48541655,6.275384607,91.73358569,banana
100,52,19,23.45969093,82.44777468,7.903528672999999,93.50153555,cotton
66,50,118,25.37276085,70.51584603,6.99322548,343.05137382,coconut
88,35,27,21.12782635,44.27612788,6.61357946,93.6415892,wheat
37,62,17,25.68576704,69.84354028,7.121254928,74.62068748,blackgram
97,22,26,23.60567546,59.68849145,6.074190142000001,185.1568059,coffee
14,37,15,27.96235681,83.97586797,6.581351374,48.9366954,mungbean
52,68,78,17.48504075,16.96070581,6.89655198,86.05078037,chickpea
2,129,201,22.78234161,94.36803516,5.682343744,122.1449949,apple
95,70,51,25.05241776,62.32992993,6.46413507,121.17842548,cotton
60,58,37,26.13871511,79.1188943,6.067302109,171.4892533,jute
31,13,33,27.63834933,95.48763389,5.85971872,205.5463111,coconut
59,55,19,31.74379487,62.51007687,7.332375138,68.97097538,blackgram
51,35,26,29.84177841,64.0493523,6.44090615,123.34088119,groundnut
84,40,42,26.2830571,73.35763537,6.704273839,186.6898282,jute
89,31,43,20.63008628,42.81150407,6.86231805,109.43227687,wheat
57,30,15,34.87063096,32.41338676,7.55332946,95.72380308,bajra
115,45,33,17.38927173,49.38577328,6.51556534,78.08257003,wheat
95,7,45,27.30008597,90.80015308,6.031665834,25.09484511,muskmelon
37,23,12,31.52675982,90.50621806,6.395258356,113.1169398,orange
65,24,85,33.27297559,90.47170275,6.35491482,214.14879029,coconut
89,47,38,25.52468965,72.24850829,6.002524871,151.8869972,jute
10,79,18,21.0643684,55.46985938,5.624731337999999,184.6226709,pigeonpeas
29,68,23,24.1638445,19.27907819,5.82738029,116.7324324,kidneybeans
80,23,73,28.67250341,89.38739437,5.81982093,271.47689052,coconut
99,19,33,27.536454700000004,55.51673151,6.273741983,130.6377143,coffee
15,14,8,10.01081312,90.22399223,6.22094286,119.3941064,orange
160,76,50,32.36678758,85.84766226,7.12581906,276.47852219,sugarcane
31,61,20,30.59119075,47.89482244,7.46169248,91.33134911,groundnut
115,62,45,27.57243304,62.37225141,6.25230692,124.40640621,cotton
60,68,83,19.12065218,18.43475844,6.620900869,85.52950164,chickpea
116,38,34,23.29250318,50.04557009,6.020947179,183.468585,coffee
67,15,40,28.73675216,45.77463813,6.24955329,93.61424446,bajra
10,9,28,29.01256899,94.01014388,6.282955072999999,150.05003119999995,coconut
104,52,62,25.61527135,56.04362569,6.02013834,170.41935753,cotton
42,79,23,27.71678273,63.29103387,6.781841984,68.56507978,blackgram
76,46,78,29.44843367,87.38939988,7.48602575,245.79476607,coconut
68,58,38,23.22397386,83.03322691,6.336253525,221.2091958,rice
127,37,18,24.87663664,76.30050373,7.041065585,91.9223468,cotton
30,25,31,26.31270635,98.62048026,5.804965067,208.1181381,coconut
56,67,78,17.57445618,16.71826572,8.255450758,77.81891424,chickpea
73,37,69,18.03912854,77.90456681,4.53383834,265.09070301,tea
40,144,196,22.71750705,92.25479855,5.987262638,107.0289866,apple
49,33,17,36.15655735,52.17287056,6.21765031,75.82609475,bajra
12,29,40,19.68291173,89.75272999,6.594037135,111.2818551,pomegranate
89,30,66,15.62042677,83.95987315,5.89826899,248.38227464,cardamom
81,49,60,30.07405988,87.34651097,6.12928757,219.1917032,turmeric
158,76,40,34.52340889,66.55696132,6.18527087,271.93805142,sugarcane
176,71,86,29.99630635,84.81353402,7.52298055,187.17223059,sugarcane
84,37,58,26.47519257,85.61066453,5.58068187,157.23725959,turmeric
9,49,16,30.88482722,41.36561835,7.661537347999999,55.053805,mothbeans
140,49,65,27.93687401,62.19318158,6.46137459,101.02081778,cotton
157,66,68,34.81439772,90.15246123,5.50386213,121.39749519,banana
135,41,95,26.94337301,93.821245,6.78623102,115.07102407,banana
34,34,35,27.27433181,47.16808054,6.422710539,95.257992,mango
4,41,20,28.14720892,83.8001509,6.647965508,37.44800463,mungbean
66,45,30,32.51291835,42.7659249,7.25719147,74.27585161,jowar
34,59,18,23.38002569,21.98879437,5.744117663,87.66898664,kidneybeans
84,61,90,24.30089468,67.34416186,5.58914884,108.14536763,turmeric
87,21,56,20.27651471,70.48001304,5.40138883,224.16510098,cardamom
82,23,49,26.81383586,87.21986949,6.873283991,51.70497792,watermelon
3,60,19,25.74679443,40.7192594,4.820788186000001,100.7791633,pigeonpeas
88,41,45,22.20606648,80.50760532,5.10657405,179.21062601,coffee
56,23,56,19.92792704,85.33296603,5.49738461,159.40232171,coffee
94,41,64,16.02509779,80.00768644,5.83216975,182.51525511,cardamom
110,7,45,26.63838589,84.69546874,6.189213927000001,48.32428609,watermelon
53,67,22,31.95117601,69.98274088,6.28557972,93.88474868,groundnut
118,46,51,24.08613121,75.55170724,7.71957297,237.96949929,sugarcane
110,69,100,29.92695139,80.03573863,5.55709726,122.61962029,banana
39,127,202,15.3246651,81.67215994,6.477768039,71.60102999,grapes
82,28,31,19.85497376,48.31696324,7.94637571,62.81225663,mustard
32,120,204,10.38004759,83.44518113,6.138958698,67.39173790000001,grapes
66,31,32,26.07119021,60.21561609,6.5922094,126.71669179,soybean
95,44,49,17.07808535,77.55079068,6.14878736,185.24042321,cardamom
77,41,70,21.89588937,67.92593122,5.2162168,150.81755294,coffee
32,19,40,32.12305171,25.2383534,7.78669864,52.67246066,bajra
48,22,21,23.43686528,36.54413684,6.56478155,70.34157258,mustard
7,21,35,25.76011662,94.65830608,5.764812076,131.24514140000002,coconut
53,20,24,24.6563878,48.53087644,7.65615991,45.74499783,mustard
116,23,25,23.4123707,52.26994674,6.869720196,139.3670753,coffee
64,35,23,23.02038334,61.89472002,5.680361037999999,63.03843397,maize
8,23,44,18.47412402,89.68919664,7.130837931,108.4758509,pomegranate
4,61,21,24.84063998,60.09116626,6.75020529,48.77790371,lentil
60,29,116,31.60347965,82.95307263,6.70657696,272.93732374,coconut
2,120,203,23.12652652,94.71203306,5.893492998999999,108.62118329999998,apple
32,141,204,8.825674745,82.89753705,5.536645599,67.235765,grapes
29,54,16,27.78031515,54.65030015,8.153022903,32.05025323,mothbeans
104,36,101,27.94774802,70.93932675,6.4329505,179.69979066,coconut
102,53,21,23.03814028,76.11021529,6.913678684,91.49697481,cotton
85,42,37,11.78637926,52.85409189,6.04839858,73.70574803,mustard
116,52,19,22.94276687,75.37170612,6.114525877,67.08022574,cotton
99,6,45,26.12588914,86.5507939,6.000975617000001,40.71210074,watermelon
39,70,15,20.76774783,63.90164154,6.366355781,47.9271552,lentil
37,77,17,36.20970524,31.94550613,5.617122801,191.0658531,pigeonpeas
76,40,44,24.93252653,50.49417646,7.88929347,30.70517162,mustard
68,39,60,17.62030823,89.52199935,5.42943457,251.35636976,cardamom
76,64,47,31.32035675,49.65105321,6.505016,161.20543272,cotton
109,50,90,31.97412839,75.55478151,7.58002279,267.25151169,sugarcane
88,24,41,29.28852867,47.01202418,7.39097676,63.9527216,jowar
143,68,60,34.36884662,78.75598295,7.97333469,150.6870624,sugarcane
57,40,19,33.8127827,33.61083307,6.07840565,30.56662799,bajra
55,66,22,30.91219459,68.79427388,7.747775262999999,66.63830637,blackgram
77,21,111,25.6141969,92.56687744,5.15648968,347.11881202,coconut
71,29,51,16.94188473,84.30845289,6.45289688,256.28789856,cardamom
61,43,43,24.84993694,62.65685438,6.60699615,106.53379786,wheat
16,18,26,28.43647052,91.81320717,5.568365926,145.54144130000003,coconut
80,23,32,33.72707281,34.01961949,8.45070612,63.66940942,bajra
103,69,42,22.59618439,54.39825495,5.69223112,89.38728596,cotton
11,6,25,28.69164799,96.65248672,6.081568052000001,178.9635457,coconut
24,33,35,29.26382931,54.82257868,5.342866119,100.7586226,mango
83,29,52,25.76402693,87.5931128,6.704688865,46.05122728,watermelon
81,42,50,22.76338183,79.00733582,4.89707218,280.25249389,tea
40,49,17,31.02215872,45.89239456,6.68727523,53.56783314,mothbeans
32,25,9,10.35609594,93.75652041,7.796034006,101.1456947,orange
33,61,24,20.04611791,48.93905624,4.567446499,122.4564203,pigeonpeas
110,33,40,20.00156094,72.7271305,6.21894117,196.6471758,coffee
10,24,27,27.57283516,94.90485697,5.7084096010000005,145.9298935,coconut
110,21,54,26.73690828,87.82430156,6.747537642,47.46447019,watermelon
46,66,24,28.98155031,66.59094025,7.32632928,88.95221335,groundnut
63,25,23,32.2102204,48.87118877,6.93832846,96.41072336,jowar
117,49,92,30.91506132,73.18885499,7.08444733,182.12034609,turmeric
26,121,201,22.19109412,90.02575116,6.162034371,112.3126628,apple
3,136,205,17.5862944,80.84806564,6.334771461,71.40654520000002,grapes
86,53,61,20.22113861,77.04984877,7.30061293,196.13799009,turmeric
90,30,55,21.83987535,90.57486937,4.96059595,262.65916689,tea
29,34,26,33.88004781,54.39416048,6.2739536760000005,89.29147581,mango
21,135,198,23.86087054,94.92048112,5.7650151260000015,105.0241329,apple
71,48,46,30.99951879,64.34470308,6.26150808,63.85440327,soybean
71,24,24,25.45967943,45.08374688,6.98051982,95.88061091,bajra
85,23,92,29.45609245,78.92525125,5.06692323,244.25816436,coconut
13,7,43,18.20230419,91.12282162,7.013481515,109.66239740000002,pomegranate
82,35,81,26.47819929,76.24020775,4.53750124,199.28028635,tea
41,78,21,25.19857725,60.37332688,6.581313137,70.88787207,blackgram
26,18,30,32.06097197,51.08494181,6.336234623999999,96.59816497,mango
93,59,112,24.74678657,75.7261906,6.87086129,175.65314913,banana
99,31,76,31.4039615,80.55381555,7.41010122,230.24880225,coconut
108,35,25,23.98143338,61.10935084,6.971963169,161.5279095,coffee
91,75,55,27.48612983,76.11239849,6.212369363,109.2768851,banana
65,42,52,21.23864323,80.49548273,5.7101555,150.21652932,cardamom
8,38,32,29.75150773,46.73723302,4.981816523,91.405983,mango
102,48,104,27.62785591,93.11741691,6.74103079,229.96565094,banana
60,49,31,16.40745692,42.176945,7.70054596,73.52190793,mustard
172,76,71,27.47155874,78.64702167,6.90341184,278.2479333,sugarcane
69,42,24,33.38321511,40.61381814,6.65870154,103.65638892,jowar
92,54,49,24.79203948,51.62292798,7.19257796,157.88427269,cotton
89,60,17,25.37548751,57.21025565,5.983952675,101.7004306,maize
126,47,90,30.42085854,65.52758602,7.00382844,216.83103654,turmeric
41,30,25,24.70098336,31.13636206,6.13279026,88.45861915,jowar
50,58,23,27.81326852,62.50460464,7.596802025,69.75555541,blackgram
31,6,26,29.12859129,91.30924833,5.741367375,157.2388553,coconut
73,33,52,20.71305325,65.28276906,7.45154925,177.09216427,soybean
128,54,63,30.65863323,65.25118006,6.19630557,274.88194331,sugarcane
160,58,89,27.67607842,76.63528422,5.78549854,158.75805306,banana
27,65,18,20.10993761,23.22323766,5.59503163,73.36386477,kidneybeans
74,35,36,17.94735863,40.6583716,7.03186475,93.96561363,wheat
127,72,45,33.62809643,84.88502791,7.89211221,229.26444171,sugarcane
84,25,52,24.37190239,81.2514818,6.12532356,44.20899581,watermelon
58,17,31,30.05498983,38.39552496,5.89781044,43.85821054,bajra
4,59,22,29.33743412,49.00323081,8.914074888,42.44054315,mothbeans
40,59,39,28.92033801,59.53100105,7.00834485,117.07411895,groundnut
50,41,58,21.46599536,67.5004418,5.1564972,206.39038669,coffee
122,53,59,21.21649007,84.4458535,6.60845989,125.58414773,turmeric
48,23,36,19.51117683,47.95390864,6.86281382,84.77698888,mustard
66,27,51,21.20140764,91.90066003,4.60216716,298.42163903,tea
58,32,64,21.58119303,64.44528036,6.00326372,224.9266792,coffee
67,35,60,26.3185082,68.54120866,5.99803027,132.54727029,coffee
89,32,115,32.26855098,81.16647018,6.60741342,196.95273474,coconut
113,33,34,26.00373964,62.144510200000006,6.559817161000002,153.477776,coffee
5,136,195,22.35628673,91.92360477,6.264202804,107.7697413,apple
110,62,56,27.17140339,79.97881655,7.97916835,195.54566614,sugarcane
30,17,31,31.20478173,54.49960506,6.804437106,94.62954663,mango
78,30,36,13.91593963,40.48526576,7.1727014,97.30924574,mustard
97,45,55,23.02992518,74.89531744,6.13923243,99.05339323,soybean
77,24,36,33.98283013,57.29609406,6.42321305,77.54908727,jowar
92,55,46,24.4893222,57.91165374,6.68570728,69.38327975,soybean
5,45,21,28.36291385,88.00989267,6.487124217000001,43.05130077,mungbean
139,42,70,25.74898292,48.19665042,6.55210409,169.95811344,cotton
64,40,17,27.70319956,27.33382643,6.91789793,65.72026159,bajra
32,66,17,34.9466155,65.26774011,7.162357641,70.1415139,blackgram
31,72,17,28.69180475,49.47225353,5.833031707999999,96.36222901,pigeonpeas
108,42,51,24.45190989,82.65148122,6.0464294,197.39245581,turmeric
36,140,198,23.34386401,91.47684705,6.28188384,104.4267991,apple
18,66,22,25.87990287,67.55109024,6.347379185,47.89645224,lentil
160,65,107,32.23565966,71.64757821,6.51818812,111.36878973,banana
60,35,31,35.2438051,50.94350455,6.25455604,68.4152234,bajra
19,53,22,27.8640132,80.4513142,6.852884642999999,42.83053902,mungbean
66,54,21,25.19008683,60.200168700000006,5.919045532,72.12375573,maize
3,68,16,18.31910448,34.69776639,4.964887857,107.4721605,pigeonpeas
80,33,30,29.80765229,68.76063448,7.34393401,170.04656795,soybean
30,7,15,33.23453301,91.06053924,7.825531916,115.7659902,orange
81,40,33,23.08334326,44.80171448,7.22214969,89.3300865,mustard
132,52,47,26.42465438,68.094715,7.221079,154.57732355,cotton
82,24,41,12.58277701,51.71691708,7.88762494,96.99586236,mustard
93,40,60,29.59597516,73.97503776,6.53973742,107.04426425,turmeric
86,39,43,26.14576648,71.23690851,6.432051512,193.1007598,jute
33,75,21,33.04687968,68.93875631,6.690655045,62.30278274,blackgram
60,29,65,27.208208,86.12409158,5.83176575,248.63703753,coffee
83,38,78,18.88924961,87.23360214,5.85551068,221.9625228,coffee
61,15,21,33.50132506,28.21520172,7.60306509,86.78519967,bajra
67,42,37,23.53208522,54.31373339,7.80902108,66.75254239,mustard
87,28,44,19.98573343,79.5180596,5.90786797,143.16550316,coffee
45,38,16,26.11178859,38.13522354,6.24564084,67.98477185,bajra
103,72,51,26.12643374,81.81365007,6.099478745,104.4812858,banana
86,33,24,14.05073791,52.22032383,7.93166171,41.3868469,mustard
127,57,73,25.48653187,73.24747517,7.22348175,174.51441486,banana
44,28,27,25.05773523,57.71805834,6.05140441,75.53848281,jowar
79,35,54,21.32487123,68.51891239,6.76385085,133.5712905,soybean
29,145,205,22.81227579,92.12992101,6.212302608,109.3383552,apple
87,38,63,21.53053744,62.29426001,5.28621586,226.18837211,coffee
52,58,35,27.59508092,67.97860355,6.28947371,105.41057602,groundnut
105,25,69,26.08749718,75.01559235,5.40062201,127.67764035,coffee
20,23,11,31.852069399999998,90.12220323,6.407715561,109.9455062,orange
6,64,23,23.33565221,67.40460704,7.065264073,36.18678721,lentil
82,25,27,24.61125203,35.08710189,6.81164628,93.00050707,jowar
26,56,22,23.05276444,60.424786,7.011121216,52.60285259,lentil
56,33,50,28.31123682,50.12593455,7.13211743,61.46264885,groundnut
33,59,22,22.64236876,21.59396123,5.946999529,122.3886015,kidneybeans
146,68,81,25.57527583,78.90689772,7.96554548,143.49799645,sugarcane
25,51,21,26.30694879,45.90891429,6.57836457,103.91154578,groundnut
102,28,54,25.15623099,80.27525115,6.862157042000001,55.49541453,watermelon
83,79,55,25.14748006,83.34688193,5.565028635,98.66679427,banana
60,34,42,24.41549916,35.78987352,7.36970126,58.08767543,mustard
33,12,15,30.25578031,92.03272799,6.052318465,116.7173125,orange
30,38,42,27.58475565,54.60975741,6.81853565,63.2980189,groundnut
72,60,34,24.55568903,65.11317032,6.27067089,176.953494,soybean
54,22,32,18.25487145,45.40576832,7.00353645,60.85180416,mustard
62,23,44,20.0146967,88.90623603,6.36489229,283.30890422,tea
61,41,35,24.97178693,79.47557931,6.842966478999998,195.7571622,jute
151,47,112,30.99367203,90.92796086,6.39397473,108.72157893,banana
78,38,31,26.96672291,58.17949522,6.87449993,73.58082722,soybean
0,12,7,20.18432263,90.65458473,6.969249676,116.8130969,orange
92,49,54,20.75995715,80.31021878,6.26578806,126.91419014,turmeric
59,23,57,18.10068032,71.41279521,5.09461125,120.77158084,coffee
51,29,32,26.5684757,51.80624856,6.58405872,89.61771422,jowar
38,35,24,26.03686587,54.29896138,7.00840053,110.69824483,groundnut
125,53,67,25.73530676,85.03156688,5.58887514,130.3035983,banana
80,30,25,26.24092174,65.64381357,7.487266991,148.37712019999995,coffee
128,47,46,34.18989125,46.0000832,5.88236164,134.51044745,cotton
80,25,42,15.96236262,74.14997346,5.2568476,168.09395785,cardamom
85,50,45,19.14246236,56.63158312,6.12398799,89.05382485,mustard
51,44,29,13.61190031,43.89569589,7.70460983,78.29691069,mustard
129,69,67,25.94609042,66.75212897,7.38960218,128.85710749,cotton
113,36,33,20.30206276,41.345373,6.12619729,91.62569392,wheat
13,22,5,19.667056,90.50096668,7.764040111,100.1737964,orange
74,22,28,14.51438677,43.20805722,6.49900963,59.33014093,mustard
66,27,98,34.85531912,70.51708306,6.5765866,197.48465064,coconut
56,23,23,26.86286923,44.35898947,5.89834786,83.31076739,jowar
20,45,16,29.93964907,54.61813464,4.626212446,45.43669946,mothbeans
115,12,52,27.51492243,94.96218673,6.685553129,21.01796432,muskmelon
109,41,23,17.19127944,47.02626056,6.46492611,119.33975094,wheat
133,36,65,23.78247158,50.23282727,7.40311047,83.53326277,cotton
56,34,45,33.49205525,30.7403945,7.0330205,71.14785401,jowar
118,52,74,20.58213587,80.7681699,7.00422009,213.24561138,turmeric
35,57,25,27.0956288,42.26206161,8.340398059,71.12710390000002,mothbeans
31,34,24,26.6465409,39.86496815,6.89126208,90.44037313,bajra
27,43,23,31.70447482,56.85420099,5.875333778,44.94317432,mothbeans
82,77,46,28.9470467,82.1888998,5.901100841,95.83016448,banana
19,24,15,20.48954522,93.72485075,7.137136973,111.83919509999998,orange
95,75,50,28.08166093,75.26429821,5.623615687000001,118.2761894,banana
107,51,22,24.86560781,78.22080815,5.983075895,79.56866268,cotton
37,36,26,32.89300162,52.61323969,4.650536197,94.49161372,mango
78,60,21,17.59335011,40.98503996,6.8019848,73.53151839,wheat
70,47,17,24.612911800000006,70.4162444,6.600827017,104.1626147,maize
24,80,19,29.67892453,69.0854554,6.8080417220000005,65.66436565,blackgram
31,36,45,26.79956513,67.76185139,6.05071982,90.3514601,groundnut
104,64,52,29.90720935,65.31004378,7.69787502,223.0948773,sugarcane
30,79,22,18.28766124,69.48515056,6.254216611,48.60449438,lentil
74,55,19,18.05033737,62.89366992,6.28886807,84.23613484,maize
79,20,44,16.99179584,55.05639711,7.34797181,98.05422766,mustard
155,67,76,32.7758201,74.94297003,6.39057061,152.73214942,banana
14,48,21,29.24598976,84.80084105,6.991242362,53.43228915,mungbean
110,62,73,33.92008116,89.01235475,5.82670297,151.79410949,banana
51,46,71,17.09842314,78.99453027,5.63344332,251.98730445,cardamom
82,21,85,33.77087276,87.7571591,6.17472068,205.44655904,coconut
30,20,38,22.59890174,93.16343942,7.058222596,110.0932899,pomegranate
10,75,17,18.43966037,68.05394959,7.732194787999999,39.00992137,lentil
78,42,42,20.13017482,81.60487287,7.628472891,262.7173405,rice
155,46,71,33.55492596,86.5436735,6.05498429,268.81322097,sugarcane
59,26,54,26.39782196,91.2684643,5.28224781,177.24797948,cardamom
74,37,30,27.40627164,27.90735323,5.74732962,39.68277116,bajra
139,64,70,30.9060131,90.64437819,6.09986246,190.69314821,banana
75,45,88,27.86867347,87.68164768,6.73874309,154.75523963,turmeric
56,58,49,37.13165026,94.60761797,6.69215564,172.47880619999995,papaya
38,15,27,33.7462686,48.50387598,6.777788126,92.26439205,mango
109,42,30,18.5996248,57.56214961,7.02731588,90.93461082,wheat
39,42,20,29.3499706,61.25353851,8.055908857999999,40.82840673,mothbeans
143,61,81,28.31527378,65.40173021,7.92574652,294.12521151,sugarcane
84,29,64,24.63807089,70.02867876,5.66873019,185.57384206,tea
126,49,68,21.77430342,79.99798919,6.66196041,188.03636781,turmeric
32,79,22,27.60195453,63.46170674,5.91645379,54.37814199,lentil
108,60,17,22.75805656,76.75768356,6.558902588,97.76600619,cotton
104,44,58,27.57055973,63.08732962,6.04117807,127.40745254,coffee
3,18,31,31.65333432,48.20662669,6.392313972999999,91.09745581,mango
32,14,37,22.73031253,88.48567856,6.825256236,104.6843243,pomegranate
111,38,56,30.51931225,64.80338037,6.62060738,61.90576779,cotton
103,41,86,28.03553115,79.48523929,6.26173665,146.72205531,turmeric
120,41,50,24.1188257,85.89991621,7.23217635,208.7156897,turmeric
86,56,91,30.20611358,75.82385936,6.27202366,215.35966151,banana
56,45,45,17.68440684,59.54246929,7.03109243,59.60947225,mustard
84,25,41,11.23027356,54.64037918,7.62957133,36.84688756,mustard
74,45,42,18.19101091,47.32888551,6.61425436,84.60085168,wheat
26,50,19,27.3179125,51.66921088,6.005242945,32.55919573,mothbeans
52,52,30,25.32288544,69.35735685,7.15117475,83.89053169,groundnut
40,5,29,28.48444906,97.76865458,5.820978791,160.389421,coconut
17,57,20,28.50677929,45.20094476,3.793575185,66.1761456,mothbeans
95,39,42,19.14031324,65.10541221,5.50958084,205.54997658,coffee
76,40,54,21.06654743,72.58002228,6.4240724,289.46949841,cardamom
56,37,64,18.86498685,90.50419979,6.32301707,274.67945365,cardamom
27,62,24,28.63005477,66.770943,7.353876754,62.2737345,blackgram
107,60,67,22.27592431,78.75218886,5.84684492,145.7046512,turmeric
108,26,52,28.82629037,94.26765349,6.201797639,26.23838511,muskmelon
98,38,68,18.64063146,86.43485943,5.50939991,267.3491674,cardamom
94,54,17,23.39128187,61.74427165,5.871647806,107.3198135,maize
149,52,96,29.47891239,80.72932714,5.66355587,207.6516553,banana
7,20,12,16.53460397,94.76759975,6.475275337,110.0447896,orange
62,47,68,24.56997497,81.1116618,5.43663131,184.87037898,cardamom
102,47,25,22.99107843,55.54731816,7.10113244,79.60632781,wheat
80,60,120,30.53443999,86.25894957,5.7158731,137.49033015,banana
74,33,35,30.42508222,31.84541658,7.81248456,54.74504687,jowar
22,8,33,28.43572863,95.8840407,5.665785202,203.9283708,coconut
40,45,20,29.37687468,57.69622912,6.878498176,38.34303462,mothbeans
31,20,26,25.56567803,97.61361544,6.443168642000001,199.7936345,coconut
91,41,37,24.48556447,83.20630007,6.132570522999999,192.2316221,jute
75,49,15,21.53574127,71.50905983,5.918263801,102.4852929,maize
57,27,26,27.14883583,50.93267838,6.71664892,93.4126397,jowar
76,47,52,21.20732375,51.27886026,7.37483046,72.41684073,soybean
98,39,66,25.1596111,79.49616335,6.67841338,146.29044744,coconut
75,39,49,31.19303128,51.11896382,5.89422085,142.10735653,cotton
10,5,42,20.24104904,91.08706822,6.887005997,109.2537734,pomegranate
42,33,24,28.00497268,47.78026055,5.92578355,114.40801126,jowar
79,59,17,20.37999665,63.73849998,6.644205485,108.5054416,maize
9,29,34,29.38471637,45.88744691,5.72742254,100.8124659,mango
25,48,21,28.438097,83.48991368,6.267684328,52.55469976,mungbean
162,47,87,32.87376026,69.41417601,7.90506622,228.60454697,sugarcane
34,59,23,28.56212158,83.24855855,6.935804256,56.48265193,mungbean
128,53,54,27.88080356,84.77339585,6.74706639,185.53372958,turmeric
25,70,16,19.63474332,18.90705639,5.759237003,106.3598183,kidneybeans
72,36,61,20.58332367,67.69932343,6.32453993,154.25648257,turmeric
77,39,52,21.1663111,70.13822995,6.34030319,163.57932448,coffee
111,79,53,28.31193338,75.77363772,6.165001277999999,119.695765,banana
127,65,61,27.09540184,70.97166999,6.68711835,166.55648328,turmeric
59,47,73,30.81994737,76.77876743,6.79516696,346.91307073,coconut
120,87,52,28.0764455,76.05522115,5.905494703,118.99235729999998,banana
58,63,40,27.40662501,51.1067937,6.26029156,68.64003365,groundnut
61,40,74,19.66067533,78.1828541,5.54110039,155.28456977,coffee
0,137,195,22.4359017,80.18612085,6.329499832000001,65.3973168,grapes
85,38,41,21.58711777,82.7883708,6.2490506560000005,276.65524589999995,rice
67,46,33,33.71454527,42.70067764,5.94328515,102.33161325,jowar
74,50,62,28.2277765,93.71707703,5.7854528,158.04773844,tea
40,79,17,21.12695586,63.18738532,6.403683619,38.71834464,lentil
96,29,60,17.31932884,88.54558306,6.52133385,150.24834122,cardamom
132,62,36,32.60266566,49.02887211,6.15378557,82.0855358,cotton
3,9,45,23.89162561,89.61850203,6.535244251,104.617522,pomegranate
22,67,78,17.16606398,14.42457525,6.204090835,72.32667516,chickpea
71,32,87,22.45612361,75.28067052,5.77272661,176.9284403,tea
64,46,25,20.02847132,53.03078895,6.17580834,102.13381655,wheat
17,56,17,27.94293692,45.41393636,5.9565851,69.66289997,mothbeans
102,35,79,20.77762471,77.7121326,6.4135056,165.15953285,coffee
34,10,14,34.05296914,92.05811721,6.725600855,116.8020848,orange
82,78,46,25.05802193,84.97323747,5.738678895,110.4408803,banana
95,44,49,26.43759784,72.03496717,6.41183042,241.77765864,coffee
81,65,92,31.70247154,75.11545979,7.1075186,124.12003139,banana
5,13,37,22.34375696,89.7870345,5.648243648999999,103.3183074,pomegranate
63,47,31,23.91687758,59.8482924,6.99462641,47.44070422,mustard
106,43,73,23.27927213,58.02520896,7.6421384,169.38026249,cotton
98,37,50,19.17503647,65.59617358,5.01365372,249.83567822,coffee
119,55,56,24.82190807,67.72594409,7.93401015,123.43192011,cotton
100,47,28,20.58618032,61.00550977,6.11881011,74.56997481,wheat
28,122,197,19.89363946,82.73366439,5.856575335,69.66256816,grapes
25,143,198,22.81212536,91.51861705,6.027314401,107.855225,apple
56,44,22,15.62952248,56.18439496,7.39923197,98.55694433,mustard
119,25,51,26.47330219,80.92254421,6.283818329,53.65742581,watermelon
56,31,55,28.93121934,56.0610095,6.26866338,175.81742696,soybean
79,45,20,23.80546189,59.24537979,5.715208817000001,89.96220140000001,maize
114,29,54,19.74225436,78.14527291,6.00089955,266.42150728,tea
7,23,35,19.75088482,88.71691157,7.054313822999999,102.5538035,pomegranate
79,36,53,24.45433103,78.47518197,5.63067746,101.98646725,turmeric
101,47,83,29.28117065,88.36801192,6.72675421,197.26427853,sugarcane
134,69,62,22.29059191,49.99454202,6.16826586,90.26814299,cotton
89,49,78,22.04676986,85.66112161,6.07782483,138.07969466,turmeric
109,59,81,26.21625761,86.8242087,6.12518667,211.37175159,sugarcane
122,51,44,24.41292256,53.89795728,5.85327778,65.74529686,cotton
61,39,118,26.47821922,87.85507337,5.59401964,308.28432143,coconut
78,35,44,26.54348085,84.67353597,7.072655622,183.6222657,rice
70,33,28,25.98239868,66.70920191,6.63198124,73.7998062,soybean
94,54,83,30.61566278,82.12031941,6.79295807,151.53703073,turmeric
29,77,75,17.50361137,15.48083156,7.778591617999999,72.9446671,chickpea
121,45,64,30.36172031,80.18559985,6.37499459,122.79915609,banana
23,33,40,31.18741559,62.65082188,6.42961799,135.29527884,groundnut
99,12,52,28.69708334,94.30759855,6.002927293,22.21807088,muskmelon
13,16,8,34.74004942,93.12316972,6.949838549,100.1967854,orange
89,24,80,23.23184837,76.54145506,6.35739572,214.81699108,cardamom
136,76,50,28.79215404,75.74479987,6.88156879,276.54836725,sugarcane
91,34,65,19.43918696,66.26066198,5.44733259,227.5702206,coffee
13,8,12,25.16296632,92.54736032,7.105904818,114.3117197,orange
79,42,93,33.31091297,80.53539116,5.40199061,198.56961353,coconut
80,40,36,22.85333979,48.48219148,6.9086453,84.8399448,wheat
36,26,26,30.17294105,51.0845903,6.814630246,95.23444287,mango
61,50,72,28.50340672,87.02554468,4.80254189,151.47719565,tea
28,7,9,34.591784600000004,92.13229786,6.730757538,115.5650287,orange
100,39,63,24.85086547,77.88653827,6.06927402,208.21492621,cardamom
72,42,43,26.56767277,80.90424543,6.352771037,181.2915605,jute
171,67,76,31.51876532,86.37698753,7.94000006,182.20367209,sugarcane
108,48,94,32.90088263,93.32875958,5.91390074,118.16931997,banana
113,44,63,30.02887556,56.13148349,6.07460093,111.96949693,cotton
121,45,98,30.44885819,84.30034135,5.79012826,226.75213777,banana
100,56,40,26.38905406,83.31240346,7.433313409,176.1516409,jute
101,20,63,18.92193919,90.35520892,5.75844765,165.74760496,tea
97,40,116,26.45244375,92.25141879,5.8966622,107.23005812,banana
31,37,21,27.23924995,86.404241,6.713410626,37.31236904,mungbean
57,73,85,18.49311205,14.72115044,7.358099622,91.94595352,chickpea
52,43,71,22.89004694,81.05248553,5.85289929,135.98331532,coffee
73,27,42,33.36766549,39.05974159,5.66346165,105.63217339,jowar
13,28,33,28.130115000000004,95.64807631,5.686972967000001,151.0761899,coconut
100,62,92,28.06587783,76.79714313,7.18873122,189.14673066,turmeric
31,66,29,30.78436473,48.85857545,7.3713605,71.72431212,groundnut
128,39,57,30.65586201,67.24098235,6.58578937,107.35829905,cotton
114,40,23,25.53676123,81.13668716,6.7539780610000015,95.4262599,cotton
96,37,28,31.86194746,67.46826862,6.59274027,73.36060578,soybean
27,71,24,31.46417866,48.17631461,7.064973419,165.40535400000005,pigeonpeas
30,30,35,25.00872392,95.59224018,6.001936419,165.8092179,coconut
34,61,49,28.12971499,93.3210737,6.502675132,117.8201907,papaya
103,38,77,18.41658589,81.29908541,5.62529158,178.51970419,tea
176,76,41,27.53749389,81.35298997,6.80147127,212.8631593,sugarcane
61,60,15,24.87502824,68.74248334,6.265564338,91.26056654,maize
118,44,23,22.08458267,82.82904143,6.6916904760000016,67.06459777,cotton
113,19,46,25.41864024,81.12122989,6.286387658,49.52320689,watermelon
123,76,54,31.92127244,73.78687639,7.03230997,177.81883217,sugarcane
36,38,15,28.36363858,87.59810657,6.3206620120000006,57.99524359,mungbean
68,70,54,31.29986342,92.76039164,6.986228647000001,54.77830202,papaya
87,67,79,29.33407411,61.9493126,7.5014199,170.5264241,cotton
90,24,40,29.64129937,38.41684582,6.56284604,114.81266474,jowar
87,22,33,24.81916406,57.13875154,6.35797108,81.48618101,mustard
7,17,26,34.89226666,48.75613373,6.414526606,91.63074547,mango
71,36,38,27.46979692,27.85055872,6.63986129,34.04504171,bajra
0,49,18,29.68361658,87.93598094,6.990095452,41.82490236,mungbean
42,32,33,34.74359433,39.84548227,6.65978361,69.69334083,jowar
118,45,23,23.37044424,77.43198948,7.977651226,71.67870701,cotton
60,54,19,18.74826712,62.49878458,6.417820493,70.23401597,maize
116,37,57,25.66276844,74.76383402,6.60279592,133.75694835,turmeric
70,37,79,26.57175889,74.77053769,5.55022798,228.72382302,coffee
101,23,79,32.50766943,71.19268611,6.44192896,346.87396063,coconut
34,66,19,32.97030511,60.18122078,7.586642101,73.44678678,blackgram
123,53,94,24.26516895,88.30006224,7.46358156,110.92460376,turmeric
38,33,26,34.01252973,40.46958215,6.66449616,99.55601295,bajra
72,22,65,28.82647084,91.13353724,4.56414728,298.67096108,tea
39,58,85,17.88776475,15.40589717,5.9969320370000005,68.54932919,chickpea
93,56,35,29.17840862,57.11102011,7.48588061,122.69853492,soybean
39,70,52,26.26559543,90.79668055,6.65149129,59.49373381,papaya
51,50,22,26.82861195,46.19881458,6.56999355,134.20248197,groundnut
34,65,47,23.48546973,93.71043692,6.833768535,191.7760562,papaya
103,47,71,32.43465677,71.24736335,6.83507792,287.41029738,coconut
6,68,18,24.388717,62.50453062,6.711341147000001,47.26052494,lentil
57,32,26,31.13555218,54.79962211,6.96071486,100.8283638,groundnut
90,35,26,22.00700445,57.75636117,7.42298862,113.07982764,soybean
94,26,27,26.36629861,52.25738495,7.456460375,177.31761609999995,coffee
23,45,23,28.77653519,86.69133979,6.983130466,56.12443206,mungbean
140,45,63,29.63147652,52.17604041,6.75443779,69.52583701,cotton
69,46,31,23.14207884,50.5131571,6.9563753,55.64671071,wheat
64,24,17,25.19579114,30.76092936,5.60786781,43.45267361,bajra
5,25,6,30.72119881,94.01331956,6.0113021810000005,106.8118019,orange
73,22,113,25.2633237,85.94000855,5.89028703,256.37939102,coconut
114,36,67,18.84361706,93.91467819,4.56147795,275.43295344,tea
14,121,203,9.724457611,83.74765639,6.1586894060000015,74.46411148,grapes
73,31,71,32.87370454,93.69441676,6.0157249,140.10238592,coconut
24,27,34,28.87862994,95.11320315,6.203376525,145.0583117,coconut
49,26,19,32.27122185,35.41118205,5.90390522,60.64673134,bajra
120,47,81,27.59104493,67.40998029,6.5365842,286.11761467,sugarcane
87,33,54,30.02172049,58.31472025,6.1704752,78.76232962,soybean
102,32,30,15.21651329,53.43948849,7.1886021,96.56264476,wheat
42,25,40,10.48617982,52.39502744,7.5523175,89.38298921,mustard
107,58,15,23.73868041,75.77503808,7.55606399,76.63669195,cotton
9,48,22,27.77076285,87.09979549,6.402926221,49.50812624,mungbean
51,29,72,27.76937354,71.11358873,5.63992794,194.20963994,coffee
98,53,31,16.44925792,59.70084978,6.99501374,72.61259421,wheat
61,28,33,22.49903089,59.99099076,6.92916892,62.46319973,mustard
158,44,87,33.77451154,67.5393178,6.78612635,158.80023245,sugarcane
50,74,17,27.10053268,63.36085585,6.5408208,73.84949872,blackgram
1,132,200,16.27852801,82.94270065,5.620745638,66.57462809,grapes
90,39,22,19.20795587,53.50149067,7.34988685,62.47381206,wheat
34,31,21,37.78205276,32.2955463,5.71617671,71.09387109,bajra
85,27,45,26.0713757,88.7285657,6.467095849,57.79652846,watermelon
160,56,60,33.51869548,78.9996802,6.9036737,164.44023161,banana
61,49,43,23.66259762,53.37827649,7.24488331,134.30196327,soybean
62,49,37,24.21744605,82.85284045,7.479248124,166.13658859999995,jute
6,144,198,21.11478672,90.31528693,5.559363609,104.5086618,apple
26,11,11,13.70319166,90.95589386,7.609348255,106.2944879,orange
121,40,79,26.82970236,85.93582896,6.85184805,168.01871397,turmeric
58,34,24,26.76885133,46.96575215,6.30905368,32.04604301,bajra
123,63,37,31.45511561,67.66564299,7.44103392,125.09738329,cotton
55,42,96,26.90035117,81.50714184,5.63084603,128.40220508,coconut
83,51,57,24.5728329,65.73425385,7.40303069,186.89336615,turmeric
31,137,196,22.14464104,93.82567435,6.400321212000001,120.6310784,apple
79,32,25,37.11307623,46.16331606,6.77204131,90.22978156,bajra
82,26,54,25.00080985,82.34869345,5.43390496,199.00648723,cardamom
58,32,35,28.21970071,64.22751668,6.3740602,149.06895017,groundnut
88,50,43,24.06555489,54.49634092,7.20684588,85.61979134,jowar
61,64,52,43.30204933,92.83405443,6.641098708,110.562229,papaya
117,86,53,25.19640218,83.55829874,5.703381727999999,115.8586081,banana
76,25,117,27.58066947,72.67912104,5.09571742,192.26600307,coconut
71,38,49,29.36201507,38.8407059,7.28811879,80.17574824,jowar
26,15,6,17.22034507,94.78797376,6.912033409,108.0054343,orange
65,63,50,31.88342554,91.3256535,6.524459342,79.27201575,papaya
60,51,23,26.16833492,68.68895618,7.20622008,85.17985135,groundnut
28,57,17,30.47757686,61.58245338,9.416003106,61.86633917,mothbeans
77,22,70,28.6049359,75.14761384,6.96239746,199.69873013,coconut
28,69,16,29.77013109,66.29327012,6.547361617999999,35.69674138,lentil
120,16,51,27.99901833,91.64193051,6.547041902999999,23.28618248,muskmelon
58,70,84,20.6543203,16.60820843,6.231049027999999,74.6631118,chickpea
53,47,46,25.77153483,64.1742345,7.10230946,165.50997833,soybean
26,66,22,18.06486101,65.1034354,6.300479414,51.54922825,lentil
47,35,37,29.53842185,48.21878608,7.30846342,85.96248367,bajra
36,58,25,28.66024187,59.3189118,8.399135957999999,36.92629678,mothbeans
111,87,48,26.3985515,81.36028902,5.571401169,98.16752001,banana
132,66,63,26.25635774,46.73382765,7.92999795,165.12321726,cotton
82,30,89,25.81313945,72.09997593,5.40506017,248.02482532,coconut
15,123,204,22.52709326,92.54780429,6.365972687999999,115.3830068,apple
51,23,39,32.01091921,38.31288481,6.38970523,54.34428723,jowar
129,61,107,32.30507075,71.36583442,6.11483627,134.46914151,banana
37,71,16,26.28663931,68.51966729,7.324863481,46.13833007,lentil
127,54,75,32.19416145,81.59529661,6.76914536,226.75465661,sugarcane
25,49,33,24.55887988,59.621393,7.14565712,55.49388949,groundnut
67,34,49,19.1937086,92.6176766,6.62212411,220.03789713,cardamom
102,55,61,29.026105,49.31552464,6.88617067,98.98195572,cotton
113,69,52,30.77351449,47.89886407,7.75625868,149.05586372,cotton
40,72,77,17.02498456,16.98861173,7.485996067,88.55123143,chickpea
100,22,66,27.35392529,74.23870693,5.87674925,165.73363421,coffee
53,36,51,31.28701679,55.48249561,6.75979876,145.42656268,soybean
78,22,80,18.37458382,86.9134166,5.41840817,189.30654929,coffee
73,26,110,26.55228554,93.02588309,6.19770084,239.03361974,coconut
68,57,26,16.99084203,54.38390704,7.48002941,50.23003233,wheat
40,78,20,19.18572809,20.83398341,5.669236258,80.15293435,kidneybeans
96,13,55,29.5275305,94.57459443,6.700337732,21.13545688,muskmelon
73,47,43,26.14185605,54.59545763,6.74757466,80.82271409,soybean
76,44,45,25.4879684,84.48235878,6.740947635,168.7848886,jute
150,47,60,28.36165153,86.74973857,6.47434396,200.77446432,banana
76,47,42,20.08369642,83.29114712,5.739175027000001,263.6372176,rice
51,52,50,24.88639269,59.7189371,7.4849335,124.44470478,soybean
98,43,35,25.40785911,76.44048625,7.319952206,188.6372826,jute
20,67,19,19.24462755,50.54495302,5.671419084,180.6465282,pigeonpeas
5,65,16,21.32776028,18.48522915,5.866744372,109.1013261,kidneybeans
85,39,68,29.16337214,79.45455902,4.61497135,239.34577342,tea
128,45,98,29.41590828,82.63782028,6.10503173,135.14521492,turmeric
54,49,32,31.50923333,54.34449634,6.11433547,62.68381202,soybean
89,91,55,25.08347445,80.26173100000003,6.275572297999999,94.32961456,banana
0,74,17,23.33375853,64.50515776,7.240988401,47.01510708,lentil
6,62,22,20.53052663,18.09224048,5.824090984,120.4509288,kidneybeans
85,95,47,25.94019018,78.3422098,6.211833161,119.84797,banana
8,136,201,41.65602996,82.22118237,5.6092559920000005,74.19664838,grapes
56,30,28,27.98766875,46.45309541,6.00880541,91.11708809,jowar
94,46,42,22.07045896,84.559337,5.01797385,257.44438318,tea
60,26,71,22.32365879,72.05859129,6.54180068,240.57848049,cardamom
123,42,99,25.76437896,82.87755734,7.39499761,215.83304063,turmeric
33,23,45,20.00218987,85.83618191,7.116538883,112.337046,pomegranate
121,53,19,23.51308653,76.72621429,7.976889497999999,80.11272117,cotton
64,48,78,25.55285841,73.4732187,4.58558783,204.62293448,tea
72,60,25,18.52510753,69.0276233,5.773454729,88.10234397,maize
87,41,72,29.74716718,75.68202157,5.87875846,154.3318958,turmeric
24,128,196,22.75088787,90.69489172,5.521466996,110.4317855,apple
52,35,58,25.31386407,90.87117053,5.57932895,195.59314343,cardamom
50,42,45,27.87510698,82.94772608,5.28845623,216.71799771,coffee
66,23,27,31.95536584,31.47340883,6.41726972,77.38340574,bajra
110,78,50,25.93730186,78.89864446,5.915568968,98.21747528,banana
129,38,66,28.94047727,49.72737565,5.83607276,124.3857708,cotton
42,53,35,29.8290576,66.59948926,6.97143748,108.11064098,groundnut
35,142,203,21.17089176,90.23730166,5.895319002000001,123.6495149,apple
103,51,20,22.80213132,84.14668447,7.0466074339999984,91.6389565,cotton
113,27,105,25.12580375,77.41583758,5.63557822,211.59150475,coconut
88,54,44,25.7354293,83.88266234,6.149410611,233.1321372,rice
106,35,57,29.39656762,49.68895825,6.00105944,178.94252298,cotton
43,61,20,26.87187036,61.61367264,6.804253866,63.51822045,blackgram
28,56,30,30.30585413,61.00232475,6.5393042,69.1562453,groundnut
113,28,48,28.87726019,92.48839665,6.170520517999999,24.44267592,muskmelon
107,10,49,25.83202912,89.00481725,6.755192025,45.24690619,watermelon
32,31,40,23.66753133,59.01660486,7.06618384,97.89669681,groundnut
58,32,118,34.03917748,92.58877274,5.27007132,137.31857097,coconut
80,52,39,26.41915161,76.85691248,7.165696848,197.2101782,jute
59,55,79,20.36720401,16.89574311,8.766128654,82.2545577,chickpea
84,40,43,25.01157559,88.33130229999998,7.228268227999999,169.4168014,jute
66,40,38,28.75008856,26.28364424,5.50124118,56.67525692,bajra
19,55,20,27.43329405,87.80507732,7.18530147,54.73367631,mungbean
96,43,67,26.30861047,73.62042045,5.24912058,220.11087867,tea
70,34,70,29.67754818,88.25324481,5.47139619,233.15504029,tea
27,40,24,27.84026517,89.99615558,7.063022095,52.84626009,mungbean
104,55,38,24.58547454,61.28065748,7.35830794,57.59103672,wheat
82,24,40,25.95911377,52.25832685,5.76499084,96.41573385,jowar
77,28,43,24.20557081,57.41237148,7.31070287,57.66431375,jowar
9,137,200,21.12152071,90.6878768,5.636687393,102.8017203,apple
40,132,202,24.57558351,80.70695797,5.9718130060000005,69.706113,grapes
19,26,29,26.93141945,98.80313612,5.67154928,166.5712879,coconut
54,44,50,25.27822134,81.75803129,5.17828534,146.12544249,coffee
126,51,72,24.19085911,75.55776528,5.8881547,157.83246253,turmeric
80,34,53,22.02463595,78.47129727,6.21259487,159.39163913,coffee
92,60,23,18.66746724,71.516474,5.721667141,69.93293255,maize
39,5,31,27.10134661,93.69979946,5.551963184,150.9502632,coconut
0,5,36,24.35193812,90.88612388,6.152906502,105.529185,pomegranate
57,22,46,22.75568224,79.69921991,5.36314801,138.90716419,coffee
62,56,35,25.97825807,81.65769588,6.235357637999999,163.3488091,jute
90,44,25,24.04845789,53.29313747,6.86720512,112.92187765,wheat
90,86,55,27.96236771,84.15403614,5.644486582000001,97.55986676,banana
9,59,24,20.43517772,39.37252634,4.747352458,137.22796619999997,pigeonpeas
61,25,23,30.89297166,58.3224923,5.57024635,43.73471029,jowar
96,56,27,16.82312212,58.49758949,7.18615499,70.85419341,wheat
60,53,47,29.55605392,64.06940527,7.44007824,167.48048044,soybean
162,62,55,28.623828,80.00817164,6.62085542,136.83746933,sugarcane
105,30,72,22.49759202,66.55985062,6.19232056,163.00825448,coffee
0,36,26,34.13072188,51.25786185,5.101206389,96.38808001,mango
89,25,24,11.87295636,40.81783737,6.77113852,65.81526066,mustard
81,23,54,18.41745699,80.12857277,6.25208778,233.40008991,cardamom
42,58,25,27.45853567,62.90020977,6.513620917999999,69.46020927,blackgram
18,23,8,21.49118657,93.43949693,6.41354791,101.4819888,orange
87,35,25,21.44526922,63.1621551,6.178056304,65.88951188,maize
134,40,71,33.56409311,67.83315271,7.63680731,74.20869867,cotton
97,42,101,27.41800015,90.41194924,7.21190702,215.80679418,coconut
53,27,29,16.65781276,36.05239275,6.01274818,68.29737017,mustard
83,34,57,25.24375489,80.86867077,6.42513454,205.43154714,cardamom
29,78,25,19.95991719,59.33157782,5.982854522999999,195.787103,pigeonpeas
40,63,25,24.81095647,64.77909591,6.33492433,106.56867171,groundnut
130,57,92,21.60584195,72.15178761,6.61757804,186.87081366,turmeric
32,78,22,23.97081395,62.35557553,7.007037515,53.40906048,lentil
